Date,Team,Conference,Coach,Location,Opponent,OpponentConference,OpponentCoach,Result,Points,OpponentPoints
1966-09-17,North Carolina,ACC,James Hickey,A,Kentucky,SEC,Charley Bradshaw,L,0,10
1966-09-24,North Carolina,ACC,James Hickey,H,North Carolina State,ACC,Earle Edwards,W,10,7
1966-10-01,North Carolina,ACC,James Hickey,A,Michigan,Big Ten,Bump Elliott,W,21,7
1966-10-15,North Carolina,ACC,James Hickey,A,Notre Dame,Ind,Ara Parseghian,L,0,32
1966-10-22,North Carolina,ACC,James Hickey,H,Wake Forest,ACC,William Tate,L,0,3
1966-10-29,North Carolina,ACC,James Hickey,A,Georgia,SEC,Vince Dooley,L,3,28
1966-11-05,North Carolina,ACC,James Hickey,A,Clemson,ACC,Frank Howard,L,3,27
1966-11-12,North Carolina,ACC,James Hickey,H,Air Force,Ind,Ben Martin,L,14,20
1966-11-19,North Carolina,ACC,James Hickey,H,Duke,ACC,Tom Harp,L,25,41
1966-11-26,North Carolina,ACC,James Hickey,H,Virginia,ACC,George Blackburn,L,14,21
1966-09-17,Miami (OH),MAC,Bo Schembechler,A,Indiana,Big Ten,John Pont,W,20,10
1966-09-24,Miami (OH),MAC,Bo Schembechler,A,Xavier,Ind,Edward Biles,W,27,3
1966-10-01,Miami (OH),MAC,Bo Schembechler,H,Western Michigan,MAC,Bill Doolittle,W,26,7
1966-10-08,Miami (OH),MAC,Bo Schembechler,H,Kent State,MAC,Leo Strang,W,7,0
1966-10-15,Miami (OH),MAC,Bo Schembechler,A,Marshall,MAC,Charlie Snyder,W,12,0
1966-10-22,Miami (OH),MAC,Bo Schembechler,A,Ohio,MAC,Bill Hess,W,33,13
1966-10-29,Miami (OH),MAC,Bo Schembechler,H,Bowling Green State,MAC,Bob Gibson,L,14,17
1966-11-05,Miami (OH),MAC,Bo Schembechler,A,Toledo,MAC,Frank Lauterbur,W,24,12
1966-11-12,Miami (OH),MAC,Bo Schembechler,H,Dayton,Ind,John McVay,W,38,6
1966-11-26,Miami (OH),MAC,Bo Schembechler,A,Cincinnati,MVC,Charles Studley,W,28,8
1966-09-17,Indiana,Big Ten,John Pont,H,Miami (OH),MAC,Bo Schembechler,L,10,20
1966-09-24,Indiana,Big Ten,John Pont,A,Northwestern,Big Ten,Alex Agase,W,26,14
1966-10-01,Indiana,Big Ten,John Pont,A,Texas,SWC,Darrell Royal,L,0,35
1966-10-08,Indiana,Big Ten,John Pont,H,Minnesota,Big Ten,Murray Warmath,T,7,7
1966-10-15,Indiana,Big Ten,John Pont,H,Illinois,Big Ten,Pete Elliott,L,10,24
1966-10-21,Indiana,Big Ten,John Pont,A,Miami (FL),Ind,Charlie Tate,L,7,14
1966-10-29,Indiana,Big Ten,John Pont,A,Iowa,Big Ten,Ray Nagel,L,19,20
1966-11-05,Indiana,Big Ten,John Pont,A,Ohio State,Big Ten,Woody Hayes,L,0,7
1966-11-12,Indiana,Big Ten,John Pont,H,Michigan State,Big Ten,Duffy Daugherty,L,19,37
1966-11-19,Indiana,Big Ten,John Pont,A,Purdue,Big Ten,Jack Mollenkopf,L,6,51
1966-09-17,Florida State,Ind,Bill Peterson,H,Houston,Ind,Bill Yeoman,L,13,21
1966-09-24,Florida State,Ind,Bill Peterson,A,Miami (FL),Ind,Charlie Tate,W,23,20
1966-10-08,Florida State,Ind,Bill Peterson,H,Florida,SEC,Ray Graves,L,19,22
1966-10-15,Florida State,Ind,Bill Peterson,A,Texas Tech,SWC,J.T. King,W,42,33
1966-10-22,Florida State,Ind,Bill Peterson,H,Mississippi State,SEC,Paul Davis,W,10,0
1966-10-29,Florida State,Ind,Bill Peterson,A,Virginia Tech,Ind,Jerry Claiborne,L,21,23
1966-11-05,Florida State,Ind,Bill Peterson,A,South Carolina,ACC,Paul Dietzel,W,32,10
1966-11-12,Florida State,Ind,Bill Peterson,A,Syracuse,Ind,Ben Schwartzwalder,L,21,37
1966-11-19,Florida State,Ind,Bill Peterson,H,Wake Forest,ACC,William Tate,W,28,0
1966-11-26,Florida State,Ind,Bill Peterson,H,Maryland,ACC,Lou Saban,W,45,21
1966-12-24,Florida State,Ind,Bill Peterson,N,Wyoming,WAC,Lloyd Eaton,L,20,28
1966-09-17,Iowa State,Big 8,Clay Stapleton,A,Wisconsin,Big Ten,Milt Bruhn,L,10,20
1966-09-24,Iowa State,Big 8,Clay Stapleton,H,Oklahoma,Big 8,Jim MacKenzie,L,11,33
1966-10-01,Iowa State,Big 8,Clay Stapleton,H,Nebraska,Big 8,Bob Devaney,L,6,12
1966-10-08,Iowa State,Big 8,Clay Stapleton,H,Kansas,Big 8,Jack Mitchell,W,24,7
1966-10-15,Iowa State,Big 8,Clay Stapleton,H,Colorado,Big 8,Eddie Crowder,L,21,41
1966-10-22,Iowa State,Big 8,Clay Stapleton,A,Missouri,Big 8,Dan Devine,T,10,10
1966-10-29,Iowa State,Big 8,Clay Stapleton,A,Oklahoma State,Big 8,Phil Cutchin,T,14,14
1966-11-12,Iowa State,Big 8,Clay Stapleton,A,Kansas State,Big 8,Doug Weaver,W,30,13
1966-11-19,Iowa State,Big 8,Clay Stapleton,A,Arizona,WAC,Jim LaRue,L,24,27
1966-11-26,Iowa State,Big 8,Clay Stapleton,A,Colorado State,Ind,Milo Lude,L,10,34
1966-09-24,Cincinnati,MVC,Charles Studley,H,Dayton,Ind,John McVay,L,7,23
1966-10-01,Cincinnati,MVC,Charles Studley,A,Wichita State,MVC,George Karras,W,20,6
1966-10-08,Cincinnati,MVC,Charles Studley,H,Xavier,Ind,Edward Biles,L,13,25
1966-10-15,Cincinnati,MVC,Charles Studley,A,Tulane,Ind,Jim Pittman,L,21,28
1966-10-22,Cincinnati,MVC,Charles Studley,H,Kansas State,Big 8,Doug Weaver,W,28,14
1966-10-29,Cincinnati,MVC,Charles Studley,H,Tulsa,MVC,Glenn Dobbs,L,0,13
1966-11-05,Cincinnati,MVC,Charles Studley,A,North Texas,MVC,Odus Mitchell,L,13,35
1966-11-12,Cincinnati,MVC,Charles Studley,H,Louisville,MVC,Frank Camp,W,17,3
1966-11-19,Cincinnati,MVC,Charles Studley,A,Memphis,Ind,Billy Murphy,L,14,26
1966-11-26,Cincinnati,MVC,Charles Studley,H,Miami (OH),MAC,Bo Schembechler,L,8,28
1966-09-17,Arizona State,WAC,Frank Kush,H,UTEP,Ind,Robert Dobbs,W,30,26
1966-09-24,Arizona State,WAC,Frank Kush,A,Wyoming,WAC,Lloyd Eaton,L,6,23
1966-10-01,Arizona State,WAC,Frank Kush,H,West Texas A&M,Ind,Joe Kerbel,L,20,21
1966-10-09,Arizona State,WAC,Frank Kush,A,Washington State,AAWU,Bert Clark,L,15,24
1966-10-14,Arizona State,WAC,Frank Kush,A,Brigham Young,WAC,Tommy Hudspeth,W,10,7
1966-10-22,Arizona State,WAC,Frank Kush,H,Oregon State,AAWU,Dee Andros,L,17,18
1966-11-05,Arizona State,WAC,Frank Kush,H,Utah,WAC,Mike Giddings,L,6,21
1966-11-12,Arizona State,WAC,Frank Kush,H,Oregon,AAWU,Len Casanova,W,14,10
1966-11-19,Arizona State,WAC,Frank Kush,H,New Mexico,WAC,Bill Weeks,W,28,7
1966-11-26,Arizona State,WAC,Frank Kush,A,Arizona,WAC,Jim LaRue,W,20,17
1966-09-24,Furman,Southern,Robert King,N,Davidson,Southern,Homer Smith,W,28,26
1966-10-01,Furman,Southern,Robert King,A,East Carolina,Southern,Clarence Stasavich,L,0,17
1966-10-15,Furman,Southern,Robert King,A,Tampa,Ind,,L,2,41
1966-10-29,Furman,Southern,Robert King,A,George Washington,Southern,Jim Camp,L,28,49
1966-11-05,Furman,Southern,Robert King,A,Richmond,Southern,Frank Jones,L,14,24
1966-11-19,Furman,Southern,Robert King,H,Citadel,Southern,Red Parker,L,6,10
1966-09-24,Utah,WAC,Mike Giddings,A,Oregon,AAWU,Len Casanova,W,17,14
1966-10-08,Utah,WAC,Mike Giddings,A,Wyoming,WAC,Lloyd Eaton,L,7,40
1966-10-15,Utah,WAC,Mike Giddings,H,Washington State,AAWU,Bert Clark,W,26,15
1966-10-22,Utah,WAC,Mike Giddings,A,Arizona,WAC,Jim LaRue,W,24,19
1966-10-29,Utah,WAC,Mike Giddings,H,New Mexico,WAC,Bill Weeks,W,27,0
1966-11-05,Utah,WAC,Mike Giddings,A,Arizona State,WAC,Frank Kush,W,21,6
1966-11-12,Utah,WAC,Mike Giddings,H,Brigham Young,WAC,Tommy Hudspeth,L,13,35
1966-11-19,Utah,WAC,Mike Giddings,H,Utah State,Ind,Tony Knap,L,7,13
1966-11-26,Utah,WAC,Mike Giddings,A,UTEP,Ind,Robert Dobbs,L,20,27
1966-12-03,Utah,WAC,Mike Giddings,A,Houston,Ind,Bill Yeoman,L,14,34
1966-10-01,Wichita State,MVC,George Karras,H,Cincinnati,MVC,Charles Studley,L,6,20
1966-10-15,Wichita State,MVC,George Karras,A,New Mexico State,Ind,Warren Woodson,L,17,45
1966-10-22,Wichita State,MVC,George Karras,A,Arkansas,SWC,Frank Broyles,L,0,41
1966-10-29,Wichita State,MVC,George Karras,H,Louisville,MVC,Frank Camp,W,9,2
1966-11-05,Wichita State,MVC,George Karras,H,Wyoming,WAC,Lloyd Eaton,L,0,55
1966-11-12,Wichita State,MVC,George Karras,H,North Texas,MVC,Odus Mitchell,L,13,30
1966-11-19,Wichita State,MVC,George Karras,H,Colorado State,Ind,Milo Lude,W,37,23
1966-11-24,Wichita State,MVC,George Karras,A,Tulsa,MVC,Glenn Dobbs,L,14,47
1966-09-17,Villanova,Ind,Alex Bell,H,Virginia Military Institute,Southern,Vito Ragazzo,L,13,14
1966-09-24,Villanova,Ind,Alex Bell,H,Toledo,MAC,Frank Lauterbur,W,20,11
1966-10-01,Villanova,Ind,Alex Bell,A,Buffalo,Ind,Doc Urich,L,8,28
1966-10-08,Villanova,Ind,Alex Bell,A,William & Mary,Southern,Marv Levy,L,14,34
1966-10-29,Villanova,Ind,Alex Bell,H,Xavier,Ind,Edward Biles,W,13,7
1966-11-12,Villanova,Ind,Alex Bell,H,Boston College,Ind,Jim Miller,W,19,0
1966-11-24,Villanova,Ind,Alex Bell,A,George Washington,Southern,Jim Camp,W,16,7
1966-09-10,Syracuse,Ind,Ben Schwartzwalder,A,Baylor,SWC,John Bridgers,L,12,35
1966-09-24,Syracuse,Ind,Ben Schwartzwalder,H,UCLA,AAWU,Tommy Prothro,L,12,31
1966-10-01,Syracuse,Ind,Ben Schwartzwalder,H,Maryland,ACC,Lou Saban,W,28,7
1966-10-08,Syracuse,Ind,Ben Schwartzwalder,H,Navy,Ind,William Elias,W,28,14
1966-10-15,Syracuse,Ind,Ben Schwartzwalder,A,Boston College,Ind,Jim Miller,W,30,0
1966-10-22,Syracuse,Ind,Ben Schwartzwalder,A,Holy Cross,Ind,Melvin Massucco,W,28,6
1966-10-29,Syracuse,Ind,Ben Schwartzwalder,H,Pitt,Ind,Dave Hart,W,33,7
1966-11-05,Syracuse,Ind,Ben Schwartzwalder,A,Penn State,Ind,Joe Paterno,W,12,10
1966-11-12,Syracuse,Ind,Ben Schwartzwalder,H,Florida State,Ind,Bill Peterson,W,37,21
1966-11-19,Syracuse,Ind,Ben Schwartzwalder,A,West Virginia,Southern,Jim Carlen,W,34,7
1966-12-31,Syracuse,Ind,Ben Schwartzwalder,N,Tennessee,SEC,Doug Dickey,L,12,18
1966-09-17,Arizona,WAC,Jim LaRue,A,Iowa,Big Ten,Ray Nagel,L,20,31
1966-09-24,Arizona,WAC,Jim LaRue,H,Kansas,Big 8,Jack Mitchell,L,13,35
1966-10-01,Arizona,WAC,Jim LaRue,A,Wyoming,WAC,Lloyd Eaton,L,6,36
1966-10-08,Arizona,WAC,Jim LaRue,A,New Mexico,WAC,Bill Weeks,W,36,15
1966-10-22,Arizona,WAC,Jim LaRue,H,Utah,WAC,Mike Giddings,L,19,24
1966-10-29,Arizona,WAC,Jim LaRue,H,Brigham Young,WAC,Tommy Hudspeth,L,14,16
1966-11-05,Arizona,WAC,Jim LaRue,A,Oregon State,AAWU,Dee Andros,L,12,31
1966-11-12,Arizona,WAC,Jim LaRue,H,Washington State,AAWU,Bert Clark,W,28,18
1966-11-19,Arizona,WAC,Jim LaRue,H,Iowa State,Big 8,Clay Stapleton,W,27,24
1966-11-26,Arizona,WAC,Jim LaRue,H,Arizona State,WAC,Frank Kush,L,17,20
1966-09-17,Penn State,Ind,Joe Paterno,H,Maryland,ACC,Lou Saban,W,15,7
1966-09-24,Penn State,Ind,Joe Paterno,A,Michigan State,Big Ten,Duffy Daugherty,L,8,42
1966-10-01,Penn State,Ind,Joe Paterno,A,Army,Ind,Thomas Cahill,L,0,11
1966-10-08,Penn State,Ind,Joe Paterno,H,Boston College,Ind,Jim Miller,W,30,21
1966-10-15,Penn State,Ind,Joe Paterno,A,UCLA,AAWU,Tommy Prothro,L,11,49
1966-10-22,Penn State,Ind,Joe Paterno,A,West Virginia,Southern,Jim Carlen,W,38,6
1966-10-29,Penn State,Ind,Joe Paterno,H,California,AAWU,Ray Willsey,W,33,15
1966-11-05,Penn State,Ind,Joe Paterno,H,Syracuse,Ind,Ben Schwartzwalder,L,10,12
1966-11-12,Penn State,Ind,Joe Paterno,A,Georgia Tech,Ind,Bobby Dodd,L,0,21
1966-11-19,Penn State,Ind,Joe Paterno,A,Pitt,Ind,Dave Hart,W,48,24
1966-09-24,Princeton,Ivy,Richard Colman,H,Rutgers,Ind,John Bateman,W,16,12
1966-10-01,Princeton,Ivy,Richard Colman,H,Columbia,Ivy,Aldo Donelli,W,14,12
1966-10-08,Princeton,Ivy,Richard Colman,A,Dartmouth,Ivy,Bob Blackman,L,13,31
1966-10-15,Princeton,Ivy,Richard Colman,H,Colgate,Ind,Hal Lahar,L,0,7
1966-10-22,Princeton,Ivy,Richard Colman,A,Pennsylvania,Ivy,Robert Odell,W,30,13
1966-10-29,Princeton,Ivy,Richard Colman,A,Brown,Ivy,John McLaughry,W,24,7
1966-11-05,Princeton,Ivy,Richard Colman,H,Harvard,Ivy,John Yovicsin,W,18,14
1966-11-12,Princeton,Ivy,Richard Colman,A,Yale,Ivy,Carmen Cozza,W,13,7
1966-11-19,Princeton,Ivy,Richard Colman,H,Cornell,Ivy,Jack Musick,W,7,0
1966-09-17,Vanderbilt,SEC,Jack Green,H,Citadel,Southern,Red Parker,W,24,0
1966-09-24,Vanderbilt,SEC,Jack Green,A,Georgia Tech,Ind,Bobby Dodd,L,0,42
1966-10-01,Vanderbilt,SEC,Jack Green,H,Florida,SEC,Ray Graves,L,0,13
1966-10-15,Vanderbilt,SEC,Jack Green,A,Virginia Tech,Ind,Jerry Claiborne,L,6,21
1966-10-22,Vanderbilt,SEC,Jack Green,A,Alabama,SEC,Bear Bryant,L,6,42
1966-10-29,Vanderbilt,SEC,Jack Green,H,Tulane,Ind,Jim Pittman,L,12,13
1966-11-05,Vanderbilt,SEC,Jack Green,A,Kentucky,SEC,Charley Bradshaw,L,10,14
1966-11-12,Vanderbilt,SEC,Jack Green,H,Navy,Ind,William Elias,L,14,30
1966-11-19,Vanderbilt,SEC,Jack Green,A,Ole Miss,SEC,John Vaught,L,0,34
1966-11-26,Vanderbilt,SEC,Jack Green,H,Tennessee,SEC,Doug Dickey,L,0,28
1966-09-17,Kentucky,SEC,Charley Bradshaw,H,North Carolina,ACC,James Hickey,W,10,0
1966-09-24,Kentucky,SEC,Charley Bradshaw,A,Ole Miss,SEC,John Vaught,L,0,17
1966-10-01,Kentucky,SEC,Charley Bradshaw,H,Auburn,SEC,Ralph Jordan,W,17,7
1966-10-08,Kentucky,SEC,Charley Bradshaw,H,Virginia Tech,Ind,Jerry Claiborne,L,0,7
1966-10-15,Kentucky,SEC,Charley Bradshaw,H,LSU,SEC,Charles McClendon,L,0,30
1966-10-22,Kentucky,SEC,Charley Bradshaw,A,Georgia,SEC,Vince Dooley,L,15,27
1966-10-29,Kentucky,SEC,Charley Bradshaw,A,West Virginia,Southern,Jim Carlen,T,14,14
1966-11-05,Kentucky,SEC,Charley Bradshaw,H,Vanderbilt,SEC,Jack Green,W,14,10
1966-11-12,Kentucky,SEC,Charley Bradshaw,H,Houston,Ind,Bill Yeoman,L,18,56
1966-11-19,Kentucky,SEC,Charley Bradshaw,A,Tennessee,SEC,Doug Dickey,L,19,28
1966-09-17,California,AAWU,Ray Willsey,A,Washington State,AAWU,Bert Clark,W,21,6
1966-09-24,California,AAWU,Ray Willsey,H,Michigan,Big Ten,Bump Elliott,L,7,17
1966-10-01,California,AAWU,Ray Willsey,H,Pitt,Ind,Dave Hart,W,30,15
1966-10-08,California,AAWU,Ray Willsey,H,San Jose State,Ind,Harry Anderson,L,0,24
1966-10-15,California,AAWU,Ray Willsey,A,Washington,AAWU,Jim Owens,W,24,20
1966-10-22,California,AAWU,Ray Willsey,H,UCLA,AAWU,Tommy Prothro,L,15,28
1966-10-29,California,AAWU,Ray Willsey,A,Penn State,Ind,Joe Paterno,L,15,33
1966-11-05,California,AAWU,Ray Willsey,A,USC,AAWU,John McKay,L,9,35
1966-11-12,California,AAWU,Ray Willsey,H,Army,Ind,Thomas Cahill,L,3,6
1966-11-19,California,AAWU,Ray Willsey,H,Stanford,AAWU,John Ralston,L,7,13
1966-09-17,Florida,SEC,Ray Graves,H,Northwestern,Big Ten,Alex Agase,W,43,7
1966-09-24,Florida,SEC,Ray Graves,H,Mississippi State,SEC,Paul Davis,W,28,7
1966-10-01,Florida,SEC,Ray Graves,A,Vanderbilt,SEC,Jack Green,W,13,0
1966-10-08,Florida,SEC,Ray Graves,A,Florida State,Ind,Bill Peterson,W,22,19
1966-10-15,Florida,SEC,Ray Graves,A,North Carolina State,ACC,Earle Edwards,W,17,10
1966-10-22,Florida,SEC,Ray Graves,A,LSU,SEC,Charles McClendon,W,28,7
1966-10-29,Florida,SEC,Ray Graves,H,Auburn,SEC,Ralph Jordan,W,30,27
1966-11-05,Florida,SEC,Ray Graves,N,Georgia,SEC,Vince Dooley,L,10,27
1966-11-12,Florida,SEC,Ray Graves,H,Tulane,Ind,Jim Pittman,W,31,10
1966-11-26,Florida,SEC,Ray Graves,H,Miami (FL),Ind,Charlie Tate,L,16,21
1967-01-02,Florida,SEC,Ray Graves,N,Georgia Tech,Ind,Bobby Dodd,W,27,12
1966-09-17,Stanford,AAWU,John Ralston,H,San Jose State,Ind,Harry Anderson,W,25,21
1966-09-24,Stanford,AAWU,John Ralston,A,Minnesota,Big Ten,Murray Warmath,L,21,35
1966-10-01,Stanford,AAWU,John Ralston,H,Tulane,Ind,Jim Pittman,W,33,14
1966-10-08,Stanford,AAWU,John Ralston,A,Oregon,AAWU,Len Casanova,L,3,7
1966-10-15,Stanford,AAWU,John Ralston,H,USC,AAWU,John McKay,L,7,21
1966-10-22,Stanford,AAWU,John Ralston,A,Illinois,Big Ten,Pete Elliott,W,6,3
1966-10-29,Stanford,AAWU,John Ralston,H,Washington,AAWU,Jim Owens,L,20,22
1966-11-05,Stanford,AAWU,John Ralston,H,Air Force,Ind,Ben Martin,W,21,6
1966-11-12,Stanford,AAWU,John Ralston,A,UCLA,AAWU,Tommy Prothro,L,0,10
1966-11-19,Stanford,AAWU,John Ralston,A,California,AAWU,Ray Willsey,W,13,7
1966-09-17,Washington State,AAWU,Bert Clark,H,California,AAWU,Ray Willsey,L,6,21
1966-09-23,Washington State,AAWU,Bert Clark,A,Houston,Ind,Bill Yeoman,L,7,21
1966-10-01,Washington State,AAWU,Bert Clark,H,Baylor,SWC,John Bridgers,L,14,20
1966-10-09,Washington State,AAWU,Bert Clark,H,Arizona State,WAC,Frank Kush,W,24,15
1966-10-15,Washington State,AAWU,Bert Clark,A,Utah,WAC,Mike Giddings,L,15,26
1966-10-22,Washington State,AAWU,Bert Clark,A,Idaho,Ind,Steve Musseau,W,14,7
1966-10-29,Washington State,AAWU,Bert Clark,H,Oregon State,AAWU,Dee Andros,L,13,41
1966-11-05,Washington State,AAWU,Bert Clark,A,Oregon,AAWU,Len Casanova,W,14,13
1966-11-12,Washington State,AAWU,Bert Clark,A,Arizona,WAC,Jim LaRue,L,18,28
1966-11-19,Washington State,AAWU,Bert Clark,H,Washington,AAWU,Jim Owens,L,7,19
1966-09-17,Illinois,Big Ten,Pete Elliott,A,SMU,SWC,Hayden Fry,L,7,26
1966-09-24,Illinois,Big Ten,Pete Elliott,H,Missouri,Big 8,Dan Devine,L,14,21
1966-10-01,Illinois,Big Ten,Pete Elliott,H,Michigan State,Big Ten,Duffy Daugherty,L,10,26
1966-10-08,Illinois,Big Ten,Pete Elliott,H,Ohio State,Big Ten,Woody Hayes,W,10,9
1966-10-15,Illinois,Big Ten,Pete Elliott,A,Indiana,Big Ten,John Pont,W,24,10
1966-10-22,Illinois,Big Ten,Pete Elliott,H,Stanford,AAWU,John Ralston,L,3,6
1966-10-29,Illinois,Big Ten,Pete Elliott,A,Purdue,Big Ten,Jack Mollenkopf,L,21,25
1966-11-05,Illinois,Big Ten,Pete Elliott,A,Michigan,Big Ten,Bump Elliott,W,28,21
1966-11-12,Illinois,Big Ten,Pete Elliott,H,Wisconsin,Big Ten,Milt Bruhn,W,49,14
1966-11-19,Illinois,Big Ten,Pete Elliott,A,Northwestern,Big Ten,Alex Agase,L,7,35
1966-09-10,Baylor,SWC,John Bridgers,H,Syracuse,Ind,Ben Schwartzwalder,W,35,12
1966-09-24,Baylor,SWC,John Bridgers,H,Colorado,Big 8,Eddie Crowder,L,7,13
1966-10-01,Baylor,SWC,John Bridgers,A,Washington State,AAWU,Bert Clark,W,20,14
1966-10-08,Baylor,SWC,John Bridgers,A,Arkansas,SWC,Frank Broyles,W,7,0
1966-10-22,Baylor,SWC,John Bridgers,H,Texas A&M,SWC,Gene Stallings,L,13,17
1966-10-29,Baylor,SWC,John Bridgers,A,Texas Christian,SWC,Abe Martin,L,0,6
1966-11-05,Baylor,SWC,John Bridgers,H,Texas,SWC,Darrell Royal,L,14,26
1966-11-12,Baylor,SWC,John Bridgers,A,Texas Tech,SWC,J.T. King,W,29,14
1966-11-19,Baylor,SWC,John Bridgers,A,SMU,SWC,Hayden Fry,L,22,24
1966-11-26,Baylor,SWC,John Bridgers,H,Rice,SWC,Jess Neely,W,21,14
1966-09-17,SMU,SWC,Hayden Fry,H,Illinois,Big Ten,Pete Elliott,W,26,7
1966-09-24,SMU,SWC,Hayden Fry,H,Navy,Ind,William Elias,W,21,3
1966-10-01,SMU,SWC,Hayden Fry,A,Purdue,Big Ten,Jack Mollenkopf,L,23,35
1966-10-15,SMU,SWC,Hayden Fry,H,Rice,SWC,Jess Neely,W,28,24
1966-10-22,SMU,SWC,Hayden Fry,A,Texas Tech,SWC,J.T. King,W,24,7
1966-10-29,SMU,SWC,Hayden Fry,A,Texas,SWC,Darrell Royal,W,13,12
1966-11-05,SMU,SWC,Hayden Fry,H,Texas A&M,SWC,Gene Stallings,W,21,14
1966-11-12,SMU,SWC,Hayden Fry,A,Arkansas,SWC,Frank Broyles,L,0,22
1966-11-19,SMU,SWC,Hayden Fry,H,Baylor,SWC,John Bridgers,W,24,22
1966-11-26,SMU,SWC,Hayden Fry,A,Texas Christian,SWC,Abe Martin,W,21,0
1966-12-31,SMU,SWC,Hayden Fry,H,Georgia,SEC,Vince Dooley,L,9,24
1966-09-17,Georgia,SEC,Vince Dooley,A,Mississippi State,SEC,Paul Davis,W,20,17
1966-09-24,Georgia,SEC,Vince Dooley,A,Virginia Military Institute,Southern,Vito Ragazzo,W,43,7
1966-10-01,Georgia,SEC,Vince Dooley,A,South Carolina,ACC,Paul Dietzel,W,7,0
1966-10-08,Georgia,SEC,Vince Dooley,H,Ole Miss,SEC,John Vaught,W,9,3
1966-10-14,Georgia,SEC,Vince Dooley,A,Miami (FL),Ind,Charlie Tate,L,6,7
1966-10-22,Georgia,SEC,Vince Dooley,H,Kentucky,SEC,Charley Bradshaw,W,27,15
1966-10-29,Georgia,SEC,Vince Dooley,H,North Carolina,ACC,James Hickey,W,28,3
1966-11-05,Georgia,SEC,Vince Dooley,N,Florida,SEC,Ray Graves,W,27,10
1966-11-12,Georgia,SEC,Vince Dooley,A,Auburn,SEC,Ralph Jordan,W,21,13
1966-11-26,Georgia,SEC,Vince Dooley,H,Georgia Tech,Ind,Bobby Dodd,W,23,14
1966-12-31,Georgia,SEC,Vince Dooley,A,SMU,SWC,Hayden Fry,W,24,9
1966-09-17,Maryland,ACC,Lou Saban,A,Penn State,Ind,Joe Paterno,L,7,15
1966-09-24,Maryland,ACC,Lou Saban,H,Wake Forest,ACC,William Tate,W,34,7
1966-10-01,Maryland,ACC,Lou Saban,A,Syracuse,Ind,Ben Schwartzwalder,L,7,28
1966-10-08,Maryland,ACC,Lou Saban,H,Duke,ACC,Tom Harp,W,21,19
1966-10-15,Maryland,ACC,Lou Saban,H,West Virginia,Southern,Jim Carlen,W,28,9
1966-10-29,Maryland,ACC,Lou Saban,H,South Carolina,ACC,Paul Dietzel,W,14,2
1966-11-05,Maryland,ACC,Lou Saban,A,North Carolina State,ACC,Earle Edwards,L,21,24
1966-11-12,Maryland,ACC,Lou Saban,H,Clemson,ACC,Frank Howard,L,10,14
1966-11-19,Maryland,ACC,Lou Saban,A,Virginia,ACC,George Blackburn,L,17,41
1966-11-26,Maryland,ACC,Lou Saban,A,Florida State,Ind,Bill Peterson,L,21,45
1966-09-17,Virginia,ACC,George Blackburn,H,Wake Forest,ACC,William Tate,W,24,10
1966-09-24,Virginia,ACC,George Blackburn,A,Clemson,ACC,Frank Howard,L,35,40
1966-10-01,Virginia,ACC,George Blackburn,A,Duke,ACC,Tom Harp,L,8,27
1966-10-08,Virginia,ACC,George Blackburn,H,Tulane,Ind,Jim Pittman,L,6,20
1966-10-15,Virginia,ACC,George Blackburn,H,Virginia Military Institute,Southern,Vito Ragazzo,W,38,27
1966-10-22,Virginia,ACC,George Blackburn,H,Virginia Tech,Ind,Jerry Claiborne,L,7,24
1966-10-29,Virginia,ACC,George Blackburn,A,North Carolina State,ACC,Earle Edwards,L,21,42
1966-11-05,Virginia,ACC,George Blackburn,A,Georgia Tech,Ind,Bobby Dodd,L,13,14
1966-11-19,Virginia,ACC,George Blackburn,H,Maryland,ACC,Lou Saban,W,41,17
1966-11-26,Virginia,ACC,George Blackburn,A,North Carolina,ACC,James Hickey,W,21,14
1966-09-17,Idaho,Ind,Steve Musseau,A,Washington,AAWU,Jim Owens,L,7,19
1966-10-01,Idaho,Ind,Steve Musseau,H,Pacific,Ind,Doug Scovil,W,28,7
1966-10-15,Idaho,Ind,Steve Musseau,A,Oregon State,AAWU,Dee Andros,L,7,14
1966-10-22,Idaho,Ind,Steve Musseau,H,Washington State,AAWU,Bert Clark,L,7,14
1966-10-29,Idaho,Ind,Steve Musseau,H,Oregon,AAWU,Len Casanova,L,7,28
1966-11-05,Idaho,Ind,Steve Musseau,A,San Jose State,Ind,Harry Anderson,L,7,21
1966-09-17,Citadel,Southern,Red Parker,A,Vanderbilt,SEC,Jack Green,L,0,24
1966-09-24,Citadel,Southern,Red Parker,H,Richmond,Southern,Frank Jones,W,24,6
1966-10-08,Citadel,Southern,Red Parker,H,George Washington,Southern,Jim Camp,L,13,21
1966-10-15,Citadel,Southern,Red Parker,A,William & Mary,Southern,Marv Levy,L,6,24
1966-10-22,Citadel,Southern,Red Parker,H,East Carolina,Southern,Clarence Stasavich,L,17,27
1966-10-29,Citadel,Southern,Red Parker,A,Davidson,Southern,Homer Smith,L,17,21
1966-11-05,Citadel,Southern,Red Parker,A,West Virginia,Southern,Jim Carlen,L,0,35
1966-11-12,Citadel,Southern,Red Parker,H,Virginia Military Institute,Southern,Vito Ragazzo,W,30,14
1966-11-19,Citadel,Southern,Red Parker,A,Furman,Southern,Robert King,W,10,6
1966-09-17,Oklahoma,Big 8,Jim MacKenzie,H,Oregon,AAWU,Len Casanova,W,17,0
1966-09-24,Oklahoma,Big 8,Jim MacKenzie,A,Iowa State,Big 8,Clay Stapleton,W,33,11
1966-10-08,Oklahoma,Big 8,Jim MacKenzie,N,Texas,SWC,Darrell Royal,W,18,9
1966-10-15,Oklahoma,Big 8,Jim MacKenzie,A,Kansas,Big 8,Jack Mitchell,W,35,0
1966-10-22,Oklahoma,Big 8,Jim MacKenzie,H,Notre Dame,Ind,Ara Parseghian,L,0,38
1966-10-29,Oklahoma,Big 8,Jim MacKenzie,A,Colorado,Big 8,Eddie Crowder,L,21,24
1966-11-05,Oklahoma,Big 8,Jim MacKenzie,H,Kansas State,Big 8,Doug Weaver,W,37,6
1966-11-12,Oklahoma,Big 8,Jim MacKenzie,H,Missouri,Big 8,Dan Devine,L,7,10
1966-11-24,Oklahoma,Big 8,Jim MacKenzie,H,Nebraska,Big 8,Bob Devaney,W,10,9
1966-12-03,Oklahoma,Big 8,Jim MacKenzie,A,Oklahoma State,Big 8,Phil Cutchin,L,14,15
1966-09-17,Virginia Tech,Ind,Jerry Claiborne,A,Tulane,Ind,Jim Pittman,L,0,13
1966-09-24,Virginia Tech,Ind,Jerry Claiborne,H,George Washington,Southern,Jim Camp,W,49,0
1966-10-01,Virginia Tech,Ind,Jerry Claiborne,H,West Virginia,Southern,Jim Carlen,T,13,13
1966-10-08,Virginia Tech,Ind,Jerry Claiborne,A,Kentucky,SEC,Charley Bradshaw,W,7,0
1966-10-15,Virginia Tech,Ind,Jerry Claiborne,H,Vanderbilt,SEC,Jack Green,W,21,6
1966-10-22,Virginia Tech,Ind,Jerry Claiborne,A,Virginia,ACC,George Blackburn,W,24,7
1966-10-29,Virginia Tech,Ind,Jerry Claiborne,H,Florida State,Ind,Bill Peterson,W,23,21
1966-11-05,Virginia Tech,Ind,Jerry Claiborne,A,Wake Forest,ACC,William Tate,W,11,0
1966-11-12,Virginia Tech,Ind,Jerry Claiborne,A,William & Mary,Southern,Marv Levy,W,20,18
1966-11-24,Virginia Tech,Ind,Jerry Claiborne,N,Virginia Military Institute,Southern,Vito Ragazzo,W,70,12
1966-12-10,Virginia Tech,Ind,Jerry Claiborne,N,Miami (FL),Ind,Charlie Tate,L,7,14
1966-10-01,Louisville,MVC,Frank Camp,H,North Texas,MVC,Odus Mitchell,L,19,20
1966-10-08,Louisville,MVC,Frank Camp,A,Dayton,Ind,John McVay,L,17,20
1966-10-22,Louisville,MVC,Frank Camp,A,Marshall,MAC,Charlie Snyder,W,35,15
1966-10-29,Louisville,MVC,Frank Camp,A,Wichita State,MVC,George Karras,L,2,9
1966-11-05,Louisville,MVC,Frank Camp,H,Kent State,MAC,Leo Strang,W,23,20
1966-11-12,Louisville,MVC,Frank Camp,A,Cincinnati,MVC,Charles Studley,L,3,17
1966-11-19,Louisville,MVC,Frank Camp,H,Tulsa,MVC,Glenn Dobbs,W,29,18
1966-11-26,Louisville,MVC,Frank Camp,H,East Carolina,Southern,Clarence Stasavich,W,21,7
1966-09-17,Arkansas,SWC,Frank Broyles,H,Oklahoma State,Big 8,Phil Cutchin,W,14,10
1966-09-24,Arkansas,SWC,Frank Broyles,H,Tulsa,MVC,Glenn Dobbs,W,27,8
1966-10-01,Arkansas,SWC,Frank Broyles,A,Texas Christian,SWC,Abe Martin,W,21,0
1966-10-08,Arkansas,SWC,Frank Broyles,H,Baylor,SWC,John Bridgers,L,0,7
1966-10-15,Arkansas,SWC,Frank Broyles,A,Texas,SWC,Darrell Royal,W,12,7
1966-10-22,Arkansas,SWC,Frank Broyles,H,Wichita State,MVC,George Karras,W,41,0
1966-10-29,Arkansas,SWC,Frank Broyles,A,Texas A&M,SWC,Gene Stallings,W,34,0
1966-11-05,Arkansas,SWC,Frank Broyles,H,Rice,SWC,Jess Neely,W,31,20
1966-11-12,Arkansas,SWC,Frank Broyles,H,SMU,SWC,Hayden Fry,W,22,0
1966-11-19,Arkansas,SWC,Frank Broyles,A,Texas Tech,SWC,J.T. King,L,16,21
1966-09-24,Clemson,ACC,Frank Howard,H,Virginia,ACC,George Blackburn,W,40,35
1966-10-01,Clemson,ACC,Frank Howard,A,Georgia Tech,Ind,Bobby Dodd,L,12,13
1966-10-08,Clemson,ACC,Frank Howard,A,Alabama,SEC,Bear Bryant,L,0,26
1966-10-15,Clemson,ACC,Frank Howard,H,Duke,ACC,Tom Harp,W,9,6
1966-10-22,Clemson,ACC,Frank Howard,A,USC,AAWU,John McKay,L,0,30
1966-10-29,Clemson,ACC,Frank Howard,A,Wake Forest,ACC,William Tate,W,23,21
1966-11-05,Clemson,ACC,Frank Howard,H,North Carolina,ACC,James Hickey,W,27,3
1966-11-12,Clemson,ACC,Frank Howard,A,Maryland,ACC,Lou Saban,W,14,10
1966-11-19,Clemson,ACC,Frank Howard,A,North Carolina State,ACC,Earle Edwards,L,14,23
1966-11-26,Clemson,ACC,Frank Howard,H,South Carolina,ACC,Paul Dietzel,W,35,10
1966-09-17,South Carolina,ACC,Paul Dietzel,A,LSU,SEC,Charles McClendon,L,12,28
1966-09-24,South Carolina,ACC,Paul Dietzel,H,Memphis,Ind,Billy Murphy,L,7,16
1966-10-01,South Carolina,ACC,Paul Dietzel,H,Georgia,SEC,Vince Dooley,L,0,7
1966-10-08,South Carolina,ACC,Paul Dietzel,A,North Carolina State,ACC,Earle Edwards,W,31,21
1966-10-15,South Carolina,ACC,Paul Dietzel,H,Wake Forest,ACC,William Tate,L,6,10
1966-10-22,South Carolina,ACC,Paul Dietzel,A,Tennessee,SEC,Doug Dickey,L,17,29
1966-10-29,South Carolina,ACC,Paul Dietzel,A,Maryland,ACC,Lou Saban,L,2,14
1966-11-05,South Carolina,ACC,Paul Dietzel,H,Florida State,Ind,Bill Peterson,L,10,32
1966-11-12,South Carolina,ACC,Paul Dietzel,A,Alabama,SEC,Bear Bryant,L,0,24
1966-11-26,South Carolina,ACC,Paul Dietzel,A,Clemson,ACC,Frank Howard,L,10,35
1966-09-17,Washington,AAWU,Jim Owens,H,Idaho,Ind,Steve Musseau,W,19,7
1966-09-24,Washington,AAWU,Jim Owens,H,Air Force,Ind,Ben Martin,L,0,10
1966-10-01,Washington,AAWU,Jim Owens,A,Ohio State,Big Ten,Woody Hayes,W,38,22
1966-10-08,Washington,AAWU,Jim Owens,A,USC,AAWU,John McKay,L,14,17
1966-10-15,Washington,AAWU,Jim Owens,H,California,AAWU,Ray Willsey,L,20,24
1966-10-22,Washington,AAWU,Jim Owens,H,Oregon,AAWU,Len Casanova,W,10,7
1966-10-29,Washington,AAWU,Jim Owens,A,Stanford,AAWU,John Ralston,W,22,20
1966-11-05,Washington,AAWU,Jim Owens,H,UCLA,AAWU,Tommy Prothro,W,16,3
1966-11-12,Washington,AAWU,Jim Owens,A,Oregon State,AAWU,Dee Andros,L,13,24
1966-11-19,Washington,AAWU,Jim Owens,A,Washington State,AAWU,Bert Clark,W,19,7
1966-09-24,Holy Cross,Ind,Melvin Massucco,A,Army,Ind,Thomas Cahill,L,0,14
1966-10-01,Holy Cross,Ind,Melvin Massucco,H,Dartmouth,Ivy,Bob Blackman,W,7,6
1966-10-08,Holy Cross,Ind,Melvin Massucco,A,Colgate,Ind,Hal Lahar,T,14,14
1966-10-22,Holy Cross,Ind,Melvin Massucco,H,Syracuse,Ind,Ben Schwartzwalder,L,6,28
1966-10-29,Holy Cross,Ind,Melvin Massucco,A,Buffalo,Ind,Doc Urich,L,3,35
1966-11-12,Holy Cross,Ind,Melvin Massucco,H,Rutgers,Ind,John Bateman,W,24,12
1966-11-26,Holy Cross,Ind,Melvin Massucco,A,Boston College,Ind,Jim Miller,W,32,26
1966-10-01,Southern Mississippi,Ind,Pie Vann,A,Memphis,Ind,Billy Murphy,L,0,6
1966-10-08,Southern Mississippi,Ind,Pie Vann,A,Mississippi State,SEC,Paul Davis,L,9,10
1966-10-15,Southern Mississippi,Ind,Pie Vann,A,Ole Miss,SEC,John Vaught,L,7,14
1966-10-29,Southern Mississippi,Ind,Pie Vann,H,Richmond,Southern,Frank Jones,W,27,0
1966-11-05,Southern Mississippi,Ind,Pie Vann,H,Virginia Military Institute,Southern,Vito Ragazzo,W,42,6
1966-11-12,Southern Mississippi,Ind,Pie Vann,A,North Carolina State,ACC,Earle Edwards,W,7,6
1966-11-19,Southern Mississippi,Ind,Pie Vann,A,East Carolina,Southern,Clarence Stasavich,W,35,14
1966-11-26,Southern Mississippi,Ind,Pie Vann,N,Alabama,SEC,Bear Bryant,L,0,34
1966-09-17,Utah State,Ind,Tony Knap,A,New Mexico,WAC,Bill Weeks,L,8,17
1966-09-24,Utah State,Ind,Tony Knap,A,Nebraska,Big 8,Bob Devaney,L,7,28
1966-10-01,Utah State,Ind,Tony Knap,H,New Mexico State,Ind,Warren Woodson,L,7,23
1966-10-08,Utah State,Ind,Tony Knap,A,Brigham Young,WAC,Tommy Hudspeth,L,7,27
1966-10-15,Utah State,Ind,Tony Knap,H,Colorado State,Ind,Milo Lude,L,7,10
1966-10-22,Utah State,Ind,Tony Knap,A,Wyoming,WAC,Lloyd Eaton,L,10,35
1966-11-05,Utah State,Ind,Tony Knap,A,Pacific,Ind,Doug Scovil,W,47,9
1966-11-12,Utah State,Ind,Tony Knap,H,San Jose State,Ind,Harry Anderson,W,27,7
1966-11-19,Utah State,Ind,Tony Knap,A,Utah,WAC,Mike Giddings,W,13,7
1966-09-17,Missouri,Big 8,Dan Devine,H,Minnesota,Big Ten,Murray Warmath,W,24,0
1966-09-24,Missouri,Big 8,Dan Devine,A,Illinois,Big Ten,Pete Elliott,W,21,14
1966-10-01,Missouri,Big 8,Dan Devine,A,UCLA,AAWU,Tommy Prothro,L,15,24
1966-10-08,Missouri,Big 8,Dan Devine,A,Kansas State,Big 8,Doug Weaver,W,27,0
1966-10-15,Missouri,Big 8,Dan Devine,H,Oklahoma State,Big 8,Phil Cutchin,W,7,0
1966-10-22,Missouri,Big 8,Dan Devine,H,Iowa State,Big 8,Clay Stapleton,T,10,10
1966-10-29,Missouri,Big 8,Dan Devine,A,Nebraska,Big 8,Bob Devaney,L,0,35
1966-11-05,Missouri,Big 8,Dan Devine,H,Colorado,Big 8,Eddie Crowder,L,0,26
1966-11-12,Missouri,Big 8,Dan Devine,A,Oklahoma,Big 8,Jim MacKenzie,W,10,7
1966-11-19,Missouri,Big 8,Dan Devine,H,Kansas,Big 8,Jack Mitchell,W,7,0
1966-09-17,San Jose State,Ind,Harry Anderson,A,Stanford,AAWU,John Ralston,L,21,25
1966-09-24,San Jose State,Ind,Harry Anderson,H,Brigham Young,WAC,Tommy Hudspeth,L,9,19
1966-10-01,San Jose State,Ind,Harry Anderson,A,Oregon,AAWU,Len Casanova,W,21,7
1966-10-08,San Jose State,Ind,Harry Anderson,A,California,AAWU,Ray Willsey,W,24,0
1966-10-22,San Jose State,Ind,Harry Anderson,A,UTEP,Ind,Robert Dobbs,L,0,35
1966-10-29,San Jose State,Ind,Harry Anderson,A,Pacific,Ind,Doug Scovil,L,35,38
1966-11-05,San Jose State,Ind,Harry Anderson,H,Idaho,Ind,Steve Musseau,W,21,7
1966-11-12,San Jose State,Ind,Harry Anderson,A,Utah State,Ind,Tony Knap,L,7,27
1966-09-24,Bowling Green State,MAC,Bob Gibson,A,Tampa,Ind,,L,13,20
1966-10-01,Bowling Green State,MAC,Bob Gibson,H,Dayton,Ind,John McVay,W,13,0
1966-10-08,Bowling Green State,MAC,Bob Gibson,A,Western Michigan,MAC,Bill Doolittle,L,14,16
1966-10-15,Bowling Green State,MAC,Bob Gibson,A,Toledo,MAC,Frank Lauterbur,W,14,13
1966-10-22,Bowling Green State,MAC,Bob Gibson,H,Kent State,MAC,Leo Strang,L,12,35
1966-10-29,Bowling Green State,MAC,Bob Gibson,A,Miami (OH),MAC,Bo Schembechler,W,17,14
1966-11-05,Bowling Green State,MAC,Bob Gibson,H,Marshall,MAC,Charlie Snyder,W,14,6
1966-11-12,Bowling Green State,MAC,Bob Gibson,H,Ohio,MAC,Bill Hess,W,28,0
1966-09-17,Wisconsin,Big Ten,Milt Bruhn,H,Iowa State,Big 8,Clay Stapleton,W,20,10
1966-09-24,Wisconsin,Big Ten,Milt Bruhn,A,USC,AAWU,John McKay,L,3,38
1966-10-01,Wisconsin,Big Ten,Milt Bruhn,A,Iowa,Big Ten,Ray Nagel,W,7,0
1966-10-08,Wisconsin,Big Ten,Milt Bruhn,H,Nebraska,Big 8,Bob Devaney,L,3,31
1966-10-15,Wisconsin,Big Ten,Milt Bruhn,H,Northwestern,Big Ten,Alex Agase,T,3,3
1966-10-22,Wisconsin,Big Ten,Milt Bruhn,A,Ohio State,Big Ten,Woody Hayes,L,13,24
1966-10-29,Wisconsin,Big Ten,Milt Bruhn,H,Michigan,Big Ten,Bump Elliott,L,17,28
1966-11-05,Wisconsin,Big Ten,Milt Bruhn,H,Purdue,Big Ten,Jack Mollenkopf,L,0,23
1966-11-12,Wisconsin,Big Ten,Milt Bruhn,A,Illinois,Big Ten,Pete Elliott,L,14,49
1966-11-19,Wisconsin,Big Ten,Milt Bruhn,H,Minnesota,Big Ten,Murray Warmath,W,7,6
1966-09-17,USC,AAWU,John McKay,A,Texas,SWC,Darrell Royal,W,10,6
1966-09-24,USC,AAWU,John McKay,H,Wisconsin,Big Ten,Milt Bruhn,W,38,3
1966-10-01,USC,AAWU,John McKay,A,Oregon State,AAWU,Dee Andros,W,21,0
1966-10-08,USC,AAWU,John McKay,H,Washington,AAWU,Jim Owens,W,17,14
1966-10-15,USC,AAWU,John McKay,A,Stanford,AAWU,John Ralston,W,21,7
1966-10-22,USC,AAWU,John McKay,H,Clemson,ACC,Frank Howard,W,30,0
1966-10-28,USC,AAWU,John McKay,A,Miami (FL),Ind,Charlie Tate,L,7,10
1966-11-05,USC,AAWU,John McKay,H,California,AAWU,Ray Willsey,W,35,9
1966-11-19,USC,AAWU,John McKay,A,UCLA,AAWU,Tommy Prothro,L,7,14
1966-11-26,USC,AAWU,John McKay,H,Notre Dame,Ind,Ara Parseghian,L,0,51
1967-01-02,USC,AAWU,John McKay,H,Purdue,Big Ten,Jack Mollenkopf,L,13,14
1966-09-17,North Carolina State,ACC,Earle Edwards,A,Michigan State,Big Ten,Duffy Daugherty,L,10,28
1966-09-24,North Carolina State,ACC,Earle Edwards,A,North Carolina,ACC,James Hickey,L,7,10
1966-10-01,North Carolina State,ACC,Earle Edwards,A,Wake Forest,ACC,William Tate,W,15,12
1966-10-08,North Carolina State,ACC,Earle Edwards,H,South Carolina,ACC,Paul Dietzel,L,21,31
1966-10-15,North Carolina State,ACC,Earle Edwards,H,Florida,SEC,Ray Graves,L,10,17
1966-10-22,North Carolina State,ACC,Earle Edwards,A,Duke,ACC,Tom Harp,W,33,7
1966-10-29,North Carolina State,ACC,Earle Edwards,H,Virginia,ACC,George Blackburn,W,42,21
1966-11-05,North Carolina State,ACC,Earle Edwards,H,Maryland,ACC,Lou Saban,W,24,21
1966-11-12,North Carolina State,ACC,Earle Edwards,H,Southern Mississippi,Ind,Pie Vann,L,6,7
1966-11-19,North Carolina State,ACC,Earle Edwards,H,Clemson,ACC,Frank Howard,W,23,14
1966-09-24,Rutgers,Ind,John Bateman,A,Princeton,Ivy,Richard Colman,L,12,16
1966-10-01,Rutgers,Ind,John Bateman,A,Yale,Ivy,Carmen Cozza,W,17,14
1966-10-15,Rutgers,Ind,John Bateman,H,Army,Ind,Thomas Cahill,L,9,14
1966-10-22,Rutgers,Ind,John Bateman,H,Columbia,Ivy,Aldo Donelli,W,37,34
1966-11-12,Rutgers,Ind,John Bateman,A,Holy Cross,Ind,Melvin Massucco,L,12,24
1966-11-19,Rutgers,Ind,John Bateman,H,Colgate,Ind,Hal Lahar,L,7,26
1966-09-17,Michigan,Big Ten,Bump Elliott,H,Oregon State,AAWU,Dee Andros,W,41,0
1966-09-24,Michigan,Big Ten,Bump Elliott,A,California,AAWU,Ray Willsey,W,17,7
1966-10-01,Michigan,Big Ten,Bump Elliott,H,North Carolina,ACC,James Hickey,L,7,21
1966-10-08,Michigan,Big Ten,Bump Elliott,A,Michigan State,Big Ten,Duffy Daugherty,L,7,20
1966-10-15,Michigan,Big Ten,Bump Elliott,H,Purdue,Big Ten,Jack Mollenkopf,L,21,22
1966-10-22,Michigan,Big Ten,Bump Elliott,H,Minnesota,Big Ten,Murray Warmath,W,49,0
1966-10-29,Michigan,Big Ten,Bump Elliott,A,Wisconsin,Big Ten,Milt Bruhn,W,28,17
1966-11-05,Michigan,Big Ten,Bump Elliott,H,Illinois,Big Ten,Pete Elliott,L,21,28
1966-11-12,Michigan,Big Ten,Bump Elliott,H,Northwestern,Big Ten,Alex Agase,W,28,20
1966-11-19,Michigan,Big Ten,Bump Elliott,A,Ohio State,Big Ten,Woody Hayes,W,17,3
1966-09-17,New Mexico,WAC,Bill Weeks,H,Utah State,Ind,Tony Knap,W,17,8
1966-09-24,New Mexico,WAC,Bill Weeks,A,Kansas State,Big 8,Doug Weaver,W,28,8
1966-10-01,New Mexico,WAC,Bill Weeks,A,UTEP,Ind,Robert Dobbs,L,3,51
1966-10-08,New Mexico,WAC,Bill Weeks,H,Arizona,WAC,Jim LaRue,L,15,36
1966-10-15,New Mexico,WAC,Bill Weeks,A,Wyoming,WAC,Lloyd Eaton,L,7,37
1966-10-22,New Mexico,WAC,Bill Weeks,H,Brigham Young,WAC,Tommy Hudspeth,L,6,33
1966-10-29,New Mexico,WAC,Bill Weeks,A,Utah,WAC,Mike Giddings,L,0,27
1966-11-05,New Mexico,WAC,Bill Weeks,H,Colorado State,Ind,Milo Lude,L,6,45
1966-11-12,New Mexico,WAC,Bill Weeks,H,New Mexico State,Ind,Warren Woodson,L,12,47
1966-11-19,New Mexico,WAC,Bill Weeks,A,Arizona State,WAC,Frank Kush,L,7,28
1966-09-24,Pacific,Ind,Doug Scovil,H,West Texas A&M,Ind,Joe Kerbel,L,7,49
1966-10-01,Pacific,Ind,Doug Scovil,A,Idaho,Ind,Steve Musseau,L,7,28
1966-10-08,Pacific,Ind,Doug Scovil,A,New Mexico State,Ind,Warren Woodson,L,23,49
1966-10-29,Pacific,Ind,Doug Scovil,H,San Jose State,Ind,Harry Anderson,W,38,35
1966-11-05,Pacific,Ind,Doug Scovil,H,Utah State,Ind,Tony Knap,L,9,47
1966-11-26,Pacific,Ind,Doug Scovil,A,Brigham Young,WAC,Tommy Hudspeth,L,0,38
1966-09-24,Notre Dame,Ind,Ara Parseghian,H,Purdue,Big Ten,Jack Mollenkopf,W,26,14
1966-10-01,Notre Dame,Ind,Ara Parseghian,A,Northwestern,Big Ten,Alex Agase,W,35,7
1966-10-08,Notre Dame,Ind,Ara Parseghian,H,Army,Ind,Thomas Cahill,W,35,0
1966-10-15,Notre Dame,Ind,Ara Parseghian,H,North Carolina,ACC,James Hickey,W,32,0
1966-10-22,Notre Dame,Ind,Ara Parseghian,A,Oklahoma,Big 8,Jim MacKenzie,W,38,0
1966-10-29,Notre Dame,Ind,Ara Parseghian,N,Navy,Ind,William Elias,W,31,7
1966-11-05,Notre Dame,Ind,Ara Parseghian,H,Pitt,Ind,Dave Hart,W,40,0
1966-11-12,Notre Dame,Ind,Ara Parseghian,H,Duke,ACC,Tom Harp,W,64,0
1966-11-19,Notre Dame,Ind,Ara Parseghian,A,Michigan State,Big Ten,Duffy Daugherty,T,10,10
1966-11-26,Notre Dame,Ind,Ara Parseghian,A,USC,AAWU,John McKay,W,51,0
1966-09-17,East Carolina,Southern,Clarence Stasavich,A,William & Mary,Southern,Marv Levy,T,7,7
1966-10-01,East Carolina,Southern,Clarence Stasavich,H,Furman,Southern,Robert King,W,17,0
1966-10-08,East Carolina,Southern,Clarence Stasavich,H,Davidson,Southern,Homer Smith,W,50,7
1966-10-15,East Carolina,Southern,Clarence Stasavich,A,George Washington,Southern,Jim Camp,L,7,20
1966-10-22,East Carolina,Southern,Clarence Stasavich,A,Citadel,Southern,Red Parker,W,27,17
1966-11-12,East Carolina,Southern,Clarence Stasavich,H,Richmond,Southern,Frank Jones,W,28,16
1966-11-19,East Carolina,Southern,Clarence Stasavich,H,Southern Mississippi,Ind,Pie Vann,L,14,35
1966-11-26,East Carolina,Southern,Clarence Stasavich,A,Louisville,MVC,Frank Camp,L,7,21
1966-09-17,Toledo,MAC,Frank Lauterbur,H,Xavier,Ind,Edward Biles,W,9,0
1966-09-24,Toledo,MAC,Frank Lauterbur,A,Villanova,Ind,Alex Bell,L,11,20
1966-10-01,Toledo,MAC,Frank Lauterbur,H,Marshall,MAC,Charlie Snyder,W,23,7
1966-10-08,Toledo,MAC,Frank Lauterbur,A,Ohio,MAC,Bill Hess,L,6,21
1966-10-15,Toledo,MAC,Frank Lauterbur,H,Bowling Green State,MAC,Bob Gibson,L,13,14
1966-10-22,Toledo,MAC,Frank Lauterbur,A,Western Michigan,MAC,Bill Doolittle,L,13,14
1966-10-29,Toledo,MAC,Frank Lauterbur,A,Kent State,MAC,Leo Strang,L,20,28
1966-11-05,Toledo,MAC,Frank Lauterbur,H,Miami (OH),MAC,Bo Schembechler,L,12,24
1966-11-19,Toledo,MAC,Frank Lauterbur,A,Dayton,Ind,John McVay,L,16,20
1966-09-17,Pitt,Ind,Dave Hart,A,UCLA,AAWU,Tommy Prothro,L,14,57
1966-09-24,Pitt,Ind,Dave Hart,H,Duke,ACC,Tom Harp,L,7,14
1966-10-01,Pitt,Ind,Dave Hart,A,California,AAWU,Ray Willsey,L,15,30
1966-10-08,Pitt,Ind,Dave Hart,H,West Virginia,Southern,Jim Carlen,W,17,14
1966-10-15,Pitt,Ind,Dave Hart,H,Navy,Ind,William Elias,L,7,24
1966-10-22,Pitt,Ind,Dave Hart,A,Army,Ind,Thomas Cahill,L,0,28
1966-10-29,Pitt,Ind,Dave Hart,A,Syracuse,Ind,Ben Schwartzwalder,L,7,33
1966-11-05,Pitt,Ind,Dave Hart,A,Notre Dame,Ind,Ara Parseghian,L,0,40
1966-11-11,Pitt,Ind,Dave Hart,A,Miami (FL),Ind,Charlie Tate,L,14,38
1966-11-19,Pitt,Ind,Dave Hart,H,Penn State,Ind,Joe Paterno,L,24,48
1966-09-24,West Texas A&M,Ind,Joe Kerbel,A,Pacific,Ind,Doug Scovil,W,49,7
1966-10-01,West Texas A&M,Ind,Joe Kerbel,A,Arizona State,WAC,Frank Kush,W,21,20
1966-10-08,West Texas A&M,Ind,Joe Kerbel,H,UTEP,Ind,Robert Dobbs,L,3,9
1966-10-15,West Texas A&M,Ind,Joe Kerbel,H,Richmond,Southern,Frank Jones,W,41,7
1966-10-22,West Texas A&M,Ind,Joe Kerbel,H,New Mexico State,Ind,Warren Woodson,W,17,14
1966-10-29,West Texas A&M,Ind,Joe Kerbel,H,Memphis,Ind,Billy Murphy,L,14,26
1966-11-12,West Texas A&M,Ind,Joe Kerbel,A,Colorado State,Ind,Milo Lude,L,26,35
1966-11-19,West Texas A&M,Ind,Joe Kerbel,H,Western Michigan,MAC,Bill Doolittle,W,30,7
1966-09-17,George Washington,Southern,Jim Camp,A,Davidson,Southern,Homer Smith,L,9,13
1966-09-24,George Washington,Southern,Jim Camp,A,Virginia Tech,Ind,Jerry Claiborne,L,0,49
1966-10-01,George Washington,Southern,Jim Camp,H,William & Mary,Southern,Marv Levy,L,3,10
1966-10-08,George Washington,Southern,Jim Camp,A,Citadel,Southern,Red Parker,W,21,13
1966-10-15,George Washington,Southern,Jim Camp,H,East Carolina,Southern,Clarence Stasavich,W,20,7
1966-10-22,George Washington,Southern,Jim Camp,A,Virginia Military Institute,Southern,Vito Ragazzo,W,13,0
1966-10-29,George Washington,Southern,Jim Camp,H,Furman,Southern,Robert King,W,49,28
1966-11-05,George Washington,Southern,Jim Camp,A,Army,Ind,Thomas Cahill,L,7,20
1966-11-12,George Washington,Southern,Jim Camp,H,West Virginia,Southern,Jim Carlen,L,6,21
1966-11-24,George Washington,Southern,Jim Camp,H,Villanova,Ind,Alex Bell,L,7,16
1966-09-17,North Texas,MVC,Odus Mitchell,H,New Mexico State,Ind,Warren Woodson,W,25,21
1966-09-24,North Texas,MVC,Odus Mitchell,H,UTEP,Ind,Robert Dobbs,W,12,9
1966-10-01,North Texas,MVC,Odus Mitchell,A,Louisville,MVC,Frank Camp,W,20,19
1966-10-08,North Texas,MVC,Odus Mitchell,H,Tampa,Ind,,W,41,6
1966-10-15,North Texas,MVC,Odus Mitchell,A,Tulsa,MVC,Glenn Dobbs,L,27,30
1966-11-05,North Texas,MVC,Odus Mitchell,H,Cincinnati,MVC,Charles Studley,W,35,13
1966-11-12,North Texas,MVC,Odus Mitchell,A,Wichita State,MVC,George Karras,W,30,13
1966-09-17,Wyoming,WAC,Lloyd Eaton,A,Air Force,Ind,Ben Martin,W,13,0
1966-09-24,Wyoming,WAC,Lloyd Eaton,H,Arizona State,WAC,Frank Kush,W,23,6
1966-10-01,Wyoming,WAC,Lloyd Eaton,H,Arizona,WAC,Jim LaRue,W,36,6
1966-10-08,Wyoming,WAC,Lloyd Eaton,H,Utah,WAC,Mike Giddings,W,40,7
1966-10-15,Wyoming,WAC,Lloyd Eaton,H,New Mexico,WAC,Bill Weeks,W,37,7
1966-10-22,Wyoming,WAC,Lloyd Eaton,H,Utah State,Ind,Tony Knap,W,35,10
1966-10-29,Wyoming,WAC,Lloyd Eaton,A,Colorado State,Ind,Milo Lude,L,10,12
1966-11-05,Wyoming,WAC,Lloyd Eaton,A,Wichita State,MVC,George Karras,W,55,0
1966-11-12,Wyoming,WAC,Lloyd Eaton,A,UTEP,Ind,Robert Dobbs,W,31,7
1966-11-19,Wyoming,WAC,Lloyd Eaton,A,Brigham Young,WAC,Tommy Hudspeth,W,47,14
1966-12-24,Wyoming,WAC,Lloyd Eaton,N,Florida State,Ind,Bill Peterson,W,28,20
1966-09-24,Brigham Young,WAC,Tommy Hudspeth,A,San Jose State,Ind,Harry Anderson,W,19,9
1966-09-30,Brigham Young,WAC,Tommy Hudspeth,H,Colorado State,Ind,Milo Lude,W,27,24
1966-10-08,Brigham Young,WAC,Tommy Hudspeth,H,Utah State,Ind,Tony Knap,W,27,7
1966-10-14,Brigham Young,WAC,Tommy Hudspeth,H,Arizona State,WAC,Frank Kush,L,7,10
1966-10-22,Brigham Young,WAC,Tommy Hudspeth,A,New Mexico,WAC,Bill Weeks,W,33,6
1966-10-29,Brigham Young,WAC,Tommy Hudspeth,A,Arizona,WAC,Jim LaRue,W,16,14
1966-11-05,Brigham Young,WAC,Tommy Hudspeth,H,UTEP,Ind,Robert Dobbs,W,53,33
1966-11-12,Brigham Young,WAC,Tommy Hudspeth,A,Utah,WAC,Mike Giddings,W,35,13
1966-11-19,Brigham Young,WAC,Tommy Hudspeth,H,Wyoming,WAC,Lloyd Eaton,L,14,47
1966-11-26,Brigham Young,WAC,Tommy Hudspeth,H,Pacific,Ind,Doug Scovil,W,38,0
1966-10-01,Yale,Ivy,Carmen Cozza,H,Rutgers,Ind,John Bateman,L,14,17
1966-10-08,Yale,Ivy,Carmen Cozza,H,Brown,Ivy,John McLaughry,W,24,0
1966-10-15,Yale,Ivy,Carmen Cozza,H,Columbia,Ivy,Aldo Donelli,W,44,21
1966-10-22,Yale,Ivy,Carmen Cozza,A,Cornell,Ivy,Jack Musick,L,14,16
1966-10-29,Yale,Ivy,Carmen Cozza,H,Dartmouth,Ivy,Bob Blackman,L,13,28
1966-11-05,Yale,Ivy,Carmen Cozza,A,Pennsylvania,Ivy,Robert Odell,W,17,14
1966-11-12,Yale,Ivy,Carmen Cozza,H,Princeton,Ivy,Richard Colman,L,7,13
1966-11-19,Yale,Ivy,Carmen Cozza,A,Harvard,Ivy,John Yovicsin,L,0,17
1966-09-17,Georgia Tech,Ind,Bobby Dodd,H,Texas A&M,SWC,Gene Stallings,W,38,3
1966-09-24,Georgia Tech,Ind,Bobby Dodd,H,Vanderbilt,SEC,Jack Green,W,42,0
1966-10-01,Georgia Tech,Ind,Bobby Dodd,H,Clemson,ACC,Frank Howard,W,13,12
1966-10-08,Georgia Tech,Ind,Bobby Dodd,H,Tennessee,SEC,Doug Dickey,W,6,3
1966-10-15,Georgia Tech,Ind,Bobby Dodd,A,Auburn,SEC,Ralph Jordan,W,17,3
1966-10-22,Georgia Tech,Ind,Bobby Dodd,H,Tulane,Ind,Jim Pittman,W,35,17
1966-10-29,Georgia Tech,Ind,Bobby Dodd,A,Duke,ACC,Tom Harp,W,48,7
1966-11-05,Georgia Tech,Ind,Bobby Dodd,H,Virginia,ACC,George Blackburn,W,14,13
1966-11-12,Georgia Tech,Ind,Bobby Dodd,H,Penn State,Ind,Joe Paterno,W,21,0
1966-11-26,Georgia Tech,Ind,Bobby Dodd,A,Georgia,SEC,Vince Dooley,L,14,23
1967-01-02,Georgia Tech,Ind,Bobby Dodd,N,Florida,SEC,Ray Graves,L,12,27
1966-09-17,Wake Forest,ACC,William Tate,A,Virginia,ACC,George Blackburn,L,10,24
1966-09-24,Wake Forest,ACC,William Tate,A,Maryland,ACC,Lou Saban,L,7,34
1966-10-01,Wake Forest,ACC,William Tate,H,North Carolina State,ACC,Earle Edwards,L,12,15
1966-10-08,Wake Forest,ACC,William Tate,A,Auburn,SEC,Ralph Jordan,L,6,14
1966-10-15,Wake Forest,ACC,William Tate,A,South Carolina,ACC,Paul Dietzel,W,10,6
1966-10-22,Wake Forest,ACC,William Tate,A,North Carolina,ACC,James Hickey,W,3,0
1966-10-29,Wake Forest,ACC,William Tate,H,Clemson,ACC,Frank Howard,L,21,23
1966-11-05,Wake Forest,ACC,William Tate,H,Virginia Tech,Ind,Jerry Claiborne,L,0,11
1966-11-12,Wake Forest,ACC,William Tate,H,Memphis,Ind,Billy Murphy,W,21,7
1966-11-19,Wake Forest,ACC,William Tate,A,Florida State,Ind,Bill Peterson,L,0,28
1966-09-17,Xavier,Ind,Edward Biles,A,Toledo,MAC,Frank Lauterbur,L,0,9
1966-09-24,Xavier,Ind,Edward Biles,H,Miami (OH),MAC,Bo Schembechler,L,3,27
1966-10-08,Xavier,Ind,Edward Biles,A,Cincinnati,MVC,Charles Studley,W,25,13
1966-10-15,Xavier,Ind,Edward Biles,A,Ohio,MAC,Bill Hess,L,10,24
1966-10-29,Xavier,Ind,Edward Biles,A,Villanova,Ind,Alex Bell,L,7,13
1966-11-05,Xavier,Ind,Edward Biles,A,Dayton,Ind,John McVay,L,2,9
1966-11-12,Xavier,Ind,Edward Biles,H,Western Michigan,MAC,Bill Doolittle,W,21,6
1966-11-19,Xavier,Ind,Edward Biles,A,Kent State,MAC,Leo Strang,L,14,42
1966-09-17,Mississippi State,SEC,Paul Davis,H,Georgia,SEC,Vince Dooley,L,17,20
1966-09-24,Mississippi State,SEC,Paul Davis,A,Florida,SEC,Ray Graves,L,7,28
1966-10-01,Mississippi State,SEC,Paul Davis,H,Richmond,Southern,Frank Jones,W,20,0
1966-10-08,Mississippi State,SEC,Paul Davis,H,Southern Mississippi,Ind,Pie Vann,W,10,9
1966-10-15,Mississippi State,SEC,Paul Davis,A,Houston,Ind,Bill Yeoman,L,0,28
1966-10-22,Mississippi State,SEC,Paul Davis,A,Florida State,Ind,Bill Peterson,L,0,10
1966-10-29,Mississippi State,SEC,Paul Davis,A,Alabama,SEC,Bear Bryant,L,14,27
1966-11-05,Mississippi State,SEC,Paul Davis,H,Auburn,SEC,Ralph Jordan,L,0,13
1966-11-12,Mississippi State,SEC,Paul Davis,A,LSU,SEC,Charles McClendon,L,7,17
1966-11-26,Mississippi State,SEC,Paul Davis,A,Ole Miss,SEC,John Vaught,L,0,24
1966-09-17,Virginia Military Institute,Southern,Vito Ragazzo,A,Villanova,Ind,Alex Bell,W,14,13
1966-09-24,Virginia Military Institute,Southern,Vito Ragazzo,H,Georgia,SEC,Vince Dooley,L,7,43
1966-10-01,Virginia Military Institute,Southern,Vito Ragazzo,A,Boston College,Ind,Jim Miller,L,0,14
1966-10-07,Virginia Military Institute,Southern,Vito Ragazzo,A,Richmond,Southern,Frank Jones,W,34,20
1966-10-15,Virginia Military Institute,Southern,Vito Ragazzo,A,Virginia,ACC,George Blackburn,L,27,38
1966-10-22,Virginia Military Institute,Southern,Vito Ragazzo,H,George Washington,Southern,Jim Camp,L,0,13
1966-10-29,Virginia Military Institute,Southern,Vito Ragazzo,H,William & Mary,Southern,Marv Levy,L,15,22
1966-11-05,Virginia Military Institute,Southern,Vito Ragazzo,A,Southern Mississippi,Ind,Pie Vann,L,6,42
1966-11-12,Virginia Military Institute,Southern,Vito Ragazzo,A,Citadel,Southern,Red Parker,L,14,30
1966-11-24,Virginia Military Institute,Southern,Vito Ragazzo,N,Virginia Tech,Ind,Jerry Claiborne,L,12,70
1966-09-17,Memphis,Ind,Billy Murphy,H,Ole Miss,SEC,John Vaught,L,0,13
1966-09-24,Memphis,Ind,Billy Murphy,A,South Carolina,ACC,Paul Dietzel,W,16,7
1966-10-01,Memphis,Ind,Billy Murphy,H,Southern Mississippi,Ind,Pie Vann,W,6,0
1966-10-22,Memphis,Ind,Billy Murphy,H,Tulsa,MVC,Glenn Dobbs,W,6,0
1966-10-29,Memphis,Ind,Billy Murphy,A,West Texas A&M,Ind,Joe Kerbel,W,26,14
1966-11-12,Memphis,Ind,Billy Murphy,A,Wake Forest,ACC,William Tate,L,7,21
1966-11-19,Memphis,Ind,Billy Murphy,H,Cincinnati,MVC,Charles Studley,W,26,14
1966-11-26,Memphis,Ind,Billy Murphy,A,Houston,Ind,Bill Yeoman,W,14,13
1966-09-17,Buffalo,Ind,Doc Urich,A,Kent State,MAC,Leo Strang,W,27,23
1966-09-24,Buffalo,Ind,Doc Urich,H,Cornell,Ivy,Jack Musick,L,21,28
1966-10-01,Buffalo,Ind,Doc Urich,H,Villanova,Ind,Alex Bell,W,28,8
1966-10-15,Buffalo,Ind,Doc Urich,A,Dayton,Ind,John McVay,L,3,13
1966-10-22,Buffalo,Ind,Doc Urich,A,Boston College,Ind,Jim Miller,L,21,22
1966-10-29,Buffalo,Ind,Doc Urich,H,Holy Cross,Ind,Melvin Massucco,W,35,3
1966-11-12,Buffalo,Ind,Doc Urich,A,Tampa,Ind,,L,8,27
1966-09-17,Kansas State,Big 8,Doug Weaver,A,Army,Ind,Thomas Cahill,L,6,21
1966-09-24,Kansas State,Big 8,Doug Weaver,H,New Mexico,WAC,Bill Weeks,L,8,28
1966-10-01,Kansas State,Big 8,Doug Weaver,A,Colorado,Big 8,Eddie Crowder,L,0,10
1966-10-08,Kansas State,Big 8,Doug Weaver,H,Missouri,Big 8,Dan Devine,L,0,27
1966-10-15,Kansas State,Big 8,Doug Weaver,A,Nebraska,Big 8,Bob Devaney,L,10,21
1966-10-22,Kansas State,Big 8,Doug Weaver,A,Cincinnati,MVC,Charles Studley,L,14,28
1966-10-29,Kansas State,Big 8,Doug Weaver,H,Kansas,Big 8,Jack Mitchell,T,3,3
1966-11-05,Kansas State,Big 8,Doug Weaver,A,Oklahoma,Big 8,Jim MacKenzie,L,6,37
1966-11-12,Kansas State,Big 8,Doug Weaver,H,Iowa State,Big 8,Clay Stapleton,L,13,30
1966-11-19,Kansas State,Big 8,Doug Weaver,H,Oklahoma State,Big 8,Phil Cutchin,L,6,21
1966-09-17,Army,Ind,Thomas Cahill,H,Kansas State,Big 8,Doug Weaver,W,21,6
1966-09-24,Army,Ind,Thomas Cahill,H,Holy Cross,Ind,Melvin Massucco,W,14,0
1966-10-01,Army,Ind,Thomas Cahill,H,Penn State,Ind,Joe Paterno,W,11,0
1966-10-08,Army,Ind,Thomas Cahill,A,Notre Dame,Ind,Ara Parseghian,L,0,35
1966-10-15,Army,Ind,Thomas Cahill,A,Rutgers,Ind,John Bateman,W,14,9
1966-10-22,Army,Ind,Thomas Cahill,H,Pitt,Ind,Dave Hart,W,28,0
1966-10-29,Army,Ind,Thomas Cahill,A,Tennessee,SEC,Doug Dickey,L,7,38
1966-11-05,Army,Ind,Thomas Cahill,H,George Washington,Southern,Jim Camp,W,20,7
1966-11-12,Army,Ind,Thomas Cahill,A,California,AAWU,Ray Willsey,W,6,3
1966-11-26,Army,Ind,Thomas Cahill,N,Navy,Ind,William Elias,W,20,7
1966-10-01,Dartmouth,Ivy,Bob Blackman,A,Holy Cross,Ind,Melvin Massucco,L,6,7
1966-10-08,Dartmouth,Ivy,Bob Blackman,H,Princeton,Ivy,Richard Colman,W,31,13
1966-10-15,Dartmouth,Ivy,Bob Blackman,H,Brown,Ivy,John McLaughry,W,49,14
1966-10-22,Dartmouth,Ivy,Bob Blackman,A,Harvard,Ivy,John Yovicsin,L,14,19
1966-10-29,Dartmouth,Ivy,Bob Blackman,A,Yale,Ivy,Carmen Cozza,W,28,13
1966-11-05,Dartmouth,Ivy,Bob Blackman,H,Columbia,Ivy,Aldo Donelli,W,56,14
1966-11-12,Dartmouth,Ivy,Bob Blackman,A,Cornell,Ivy,Jack Musick,W,32,23
1966-11-19,Dartmouth,Ivy,Bob Blackman,A,Pennsylvania,Ivy,Robert Odell,W,40,21
1966-09-17,UCLA,AAWU,Tommy Prothro,H,Pitt,Ind,Dave Hart,W,57,14
1966-09-24,UCLA,AAWU,Tommy Prothro,A,Syracuse,Ind,Ben Schwartzwalder,W,31,12
1966-10-01,UCLA,AAWU,Tommy Prothro,H,Missouri,Big 8,Dan Devine,W,24,15
1966-10-08,UCLA,AAWU,Tommy Prothro,A,Rice,SWC,Jess Neely,W,27,24
1966-10-15,UCLA,AAWU,Tommy Prothro,H,Penn State,Ind,Joe Paterno,W,49,11
1966-10-22,UCLA,AAWU,Tommy Prothro,A,California,AAWU,Ray Willsey,W,28,15
1966-10-29,UCLA,AAWU,Tommy Prothro,H,Air Force,Ind,Ben Martin,W,38,13
1966-11-05,UCLA,AAWU,Tommy Prothro,A,Washington,AAWU,Jim Owens,L,3,16
1966-11-12,UCLA,AAWU,Tommy Prothro,H,Stanford,AAWU,John Ralston,W,10,0
1966-11-19,UCLA,AAWU,Tommy Prothro,H,USC,AAWU,John McKay,W,14,7
1966-09-24,Auburn,SEC,Ralph Jordan,H,Tennessee,SEC,Doug Dickey,L,0,28
1966-10-01,Auburn,SEC,Ralph Jordan,A,Kentucky,SEC,Charley Bradshaw,L,7,17
1966-10-08,Auburn,SEC,Ralph Jordan,H,Wake Forest,ACC,William Tate,W,14,6
1966-10-15,Auburn,SEC,Ralph Jordan,H,Georgia Tech,Ind,Bobby Dodd,L,3,17
1966-10-22,Auburn,SEC,Ralph Jordan,H,Texas Christian,SWC,Abe Martin,W,7,6
1966-10-29,Auburn,SEC,Ralph Jordan,A,Florida,SEC,Ray Graves,L,27,30
1966-11-05,Auburn,SEC,Ralph Jordan,A,Mississippi State,SEC,Paul Davis,W,13,0
1966-11-12,Auburn,SEC,Ralph Jordan,H,Georgia,SEC,Vince Dooley,L,13,21
1966-12-03,Auburn,SEC,Ralph Jordan,N,Alabama,SEC,Bear Bryant,L,0,31
1966-09-17,Northwestern,Big Ten,Alex Agase,A,Florida,SEC,Ray Graves,L,7,43
1966-09-24,Northwestern,Big Ten,Alex Agase,H,Indiana,Big Ten,John Pont,L,14,26
1966-10-01,Northwestern,Big Ten,Alex Agase,H,Notre Dame,Ind,Ara Parseghian,L,7,35
1966-10-08,Northwestern,Big Ten,Alex Agase,A,Oregon State,AAWU,Dee Andros,W,14,6
1966-10-15,Northwestern,Big Ten,Alex Agase,A,Wisconsin,Big Ten,Milt Bruhn,T,3,3
1966-10-22,Northwestern,Big Ten,Alex Agase,A,Iowa,Big Ten,Ray Nagel,W,24,15
1966-10-29,Northwestern,Big Ten,Alex Agase,H,Michigan State,Big Ten,Duffy Daugherty,L,0,22
1966-11-05,Northwestern,Big Ten,Alex Agase,H,Minnesota,Big Ten,Murray Warmath,L,13,28
1966-11-12,Northwestern,Big Ten,Alex Agase,A,Michigan,Big Ten,Bump Elliott,L,20,28
1966-11-19,Northwestern,Big Ten,Alex Agase,H,Illinois,Big Ten,Pete Elliott,W,35,7
1966-10-01,Marshall,MAC,Charlie Snyder,A,Toledo,MAC,Frank Lauterbur,L,7,23
1966-10-15,Marshall,MAC,Charlie Snyder,H,Miami (OH),MAC,Bo Schembechler,L,0,12
1966-10-22,Marshall,MAC,Charlie Snyder,H,Louisville,MVC,Frank Camp,L,15,35
1966-10-29,Marshall,MAC,Charlie Snyder,H,Western Michigan,MAC,Bill Doolittle,L,29,35
1966-11-05,Marshall,MAC,Charlie Snyder,A,Bowling Green State,MAC,Bob Gibson,L,6,14
1966-11-12,Marshall,MAC,Charlie Snyder,H,Kent State,MAC,Leo Strang,W,16,7
1966-11-19,Marshall,MAC,Charlie Snyder,A,Ohio,MAC,Bill Hess,L,0,28
1966-09-17,Kansas,Big 8,Jack Mitchell,H,Texas Tech,SWC,J.T. King,L,7,23
1966-09-24,Kansas,Big 8,Jack Mitchell,A,Arizona,WAC,Jim LaRue,W,35,13
1966-10-01,Kansas,Big 8,Jack Mitchell,A,Minnesota,Big Ten,Murray Warmath,W,16,14
1966-10-08,Kansas,Big 8,Jack Mitchell,A,Iowa State,Big 8,Clay Stapleton,L,7,24
1966-10-15,Kansas,Big 8,Jack Mitchell,H,Oklahoma,Big 8,Jim MacKenzie,L,0,35
1966-10-22,Kansas,Big 8,Jack Mitchell,A,Oklahoma State,Big 8,Phil Cutchin,L,7,10
1966-10-29,Kansas,Big 8,Jack Mitchell,A,Kansas State,Big 8,Doug Weaver,T,3,3
1966-11-05,Kansas,Big 8,Jack Mitchell,H,Nebraska,Big 8,Bob Devaney,L,13,24
1966-11-12,Kansas,Big 8,Jack Mitchell,H,Colorado,Big 8,Eddie Crowder,L,18,35
1966-11-19,Kansas,Big 8,Jack Mitchell,A,Missouri,Big 8,Dan Devine,L,0,7
1966-10-01,Western Michigan,MAC,Bill Doolittle,A,Miami (OH),MAC,Bo Schembechler,L,7,26
1966-10-08,Western Michigan,MAC,Bill Doolittle,H,Bowling Green State,MAC,Bob Gibson,W,16,14
1966-10-15,Western Michigan,MAC,Bill Doolittle,A,Kent State,MAC,Leo Strang,W,23,20
1966-10-22,Western Michigan,MAC,Bill Doolittle,H,Toledo,MAC,Frank Lauterbur,W,14,13
1966-10-29,Western Michigan,MAC,Bill Doolittle,A,Marshall,MAC,Charlie Snyder,W,35,29
1966-11-05,Western Michigan,MAC,Bill Doolittle,H,Ohio,MAC,Bill Hess,W,20,13
1966-11-12,Western Michigan,MAC,Bill Doolittle,A,Xavier,Ind,Edward Biles,L,6,21
1966-11-19,Western Michigan,MAC,Bill Doolittle,A,West Texas A&M,Ind,Joe Kerbel,L,7,30
1966-09-17,William & Mary,Southern,Marv Levy,H,East Carolina,Southern,Clarence Stasavich,T,7,7
1966-09-24,William & Mary,Southern,Marv Levy,A,West Virginia,Southern,Jim Carlen,L,13,24
1966-10-01,William & Mary,Southern,Marv Levy,A,George Washington,Southern,Jim Camp,W,10,3
1966-10-08,William & Mary,Southern,Marv Levy,H,Villanova,Ind,Alex Bell,W,34,14
1966-10-15,William & Mary,Southern,Marv Levy,H,Citadel,Southern,Red Parker,W,24,6
1966-10-22,William & Mary,Southern,Marv Levy,A,Navy,Ind,William Elias,L,0,21
1966-10-29,William & Mary,Southern,Marv Levy,A,Virginia Military Institute,Southern,Vito Ragazzo,W,22,15
1966-11-05,William & Mary,Southern,Marv Levy,A,Boston College,Ind,Jim Miller,L,13,15
1966-11-12,William & Mary,Southern,Marv Levy,H,Virginia Tech,Ind,Jerry Claiborne,L,18,20
1966-11-19,William & Mary,Southern,Marv Levy,A,Richmond,Southern,Frank Jones,W,35,19
1966-09-17,UTEP,Ind,Robert Dobbs,A,Arizona State,WAC,Frank Kush,L,26,30
1966-09-24,UTEP,Ind,Robert Dobbs,A,North Texas,MVC,Odus Mitchell,L,9,12
1966-10-01,UTEP,Ind,Robert Dobbs,H,New Mexico,WAC,Bill Weeks,W,51,3
1966-10-08,UTEP,Ind,Robert Dobbs,A,West Texas A&M,Ind,Joe Kerbel,W,9,3
1966-10-22,UTEP,Ind,Robert Dobbs,H,San Jose State,Ind,Harry Anderson,W,35,0
1966-11-05,UTEP,Ind,Robert Dobbs,A,Brigham Young,WAC,Tommy Hudspeth,L,33,53
1966-11-12,UTEP,Ind,Robert Dobbs,H,Wyoming,WAC,Lloyd Eaton,L,7,31
1966-11-19,UTEP,Ind,Robert Dobbs,H,New Mexico State,Ind,Warren Woodson,W,28,14
1966-11-26,UTEP,Ind,Robert Dobbs,H,Utah,WAC,Mike Giddings,W,27,20
1966-09-17,LSU,SEC,Charles McClendon,H,South Carolina,ACC,Paul Dietzel,W,28,12
1966-09-24,LSU,SEC,Charles McClendon,A,Rice,SWC,Jess Neely,L,15,17
1966-10-01,LSU,SEC,Charles McClendon,H,Miami (FL),Ind,Charlie Tate,W,10,8
1966-10-08,LSU,SEC,Charles McClendon,H,Texas A&M,SWC,Gene Stallings,T,7,7
1966-10-15,LSU,SEC,Charles McClendon,A,Kentucky,SEC,Charley Bradshaw,W,30,0
1966-10-22,LSU,SEC,Charles McClendon,H,Florida,SEC,Ray Graves,L,7,28
1966-10-29,LSU,SEC,Charles McClendon,H,Ole Miss,SEC,John Vaught,L,0,17
1966-11-05,LSU,SEC,Charles McClendon,A,Alabama,SEC,Bear Bryant,L,0,21
1966-11-12,LSU,SEC,Charles McClendon,H,Mississippi State,SEC,Paul Davis,W,17,7
1966-11-19,LSU,SEC,Charles McClendon,A,Tulane,Ind,Jim Pittman,W,21,7
1966-10-01,Pennsylvania,Ivy,Robert Odell,A,Brown,Ivy,John McLaughry,W,20,0
1966-10-08,Pennsylvania,Ivy,Robert Odell,A,Cornell,Ivy,Jack Musick,L,28,45
1966-10-22,Pennsylvania,Ivy,Robert Odell,H,Princeton,Ivy,Richard Colman,L,13,30
1966-10-29,Pennsylvania,Ivy,Robert Odell,A,Harvard,Ivy,John Yovicsin,L,7,27
1966-11-05,Pennsylvania,Ivy,Robert Odell,H,Yale,Ivy,Carmen Cozza,L,14,17
1966-11-12,Pennsylvania,Ivy,Robert Odell,A,Columbia,Ivy,Aldo Donelli,L,14,22
1966-11-19,Pennsylvania,Ivy,Robert Odell,H,Dartmouth,Ivy,Bob Blackman,L,21,40
1966-09-17,Tulsa,MVC,Glenn Dobbs,H,Tampa,Ind,,W,57,11
1966-09-24,Tulsa,MVC,Glenn Dobbs,A,Arkansas,SWC,Frank Broyles,L,8,27
1966-10-08,Tulsa,MVC,Glenn Dobbs,A,Colorado State,Ind,Milo Lude,W,20,6
1966-10-15,Tulsa,MVC,Glenn Dobbs,H,North Texas,MVC,Odus Mitchell,W,30,27
1966-10-22,Tulsa,MVC,Glenn Dobbs,A,Memphis,Ind,Billy Murphy,L,0,6
1966-10-29,Tulsa,MVC,Glenn Dobbs,A,Cincinnati,MVC,Charles Studley,W,13,0
1966-11-05,Tulsa,MVC,Glenn Dobbs,A,Houston,Ind,Bill Yeoman,L,14,73
1966-11-19,Tulsa,MVC,Glenn Dobbs,A,Louisville,MVC,Frank Camp,L,18,29
1966-11-24,Tulsa,MVC,Glenn Dobbs,H,Wichita State,MVC,George Karras,W,47,14
1966-09-17,Iowa,Big Ten,Ray Nagel,H,Arizona,WAC,Jim LaRue,W,31,20
1966-09-24,Iowa,Big Ten,Ray Nagel,H,Oregon State,AAWU,Dee Andros,L,3,17
1966-10-01,Iowa,Big Ten,Ray Nagel,H,Wisconsin,Big Ten,Milt Bruhn,L,0,7
1966-10-08,Iowa,Big Ten,Ray Nagel,A,Purdue,Big Ten,Jack Mollenkopf,L,0,35
1966-10-15,Iowa,Big Ten,Ray Nagel,A,Minnesota,Big Ten,Murray Warmath,L,0,17
1966-10-22,Iowa,Big Ten,Ray Nagel,H,Northwestern,Big Ten,Alex Agase,L,15,24
1966-10-29,Iowa,Big Ten,Ray Nagel,H,Indiana,Big Ten,John Pont,W,20,19
1966-11-05,Iowa,Big Ten,Ray Nagel,A,Michigan State,Big Ten,Duffy Daugherty,L,7,56
1966-11-12,Iowa,Big Ten,Ray Nagel,H,Ohio State,Big Ten,Woody Hayes,L,10,14
1966-11-18,Iowa,Big Ten,Ray Nagel,A,Miami (FL),Ind,Charlie Tate,L,0,44
1966-09-24,Columbia,Ivy,Aldo Donelli,H,Colgate,Ind,Hal Lahar,L,0,38
1966-10-01,Columbia,Ivy,Aldo Donelli,A,Princeton,Ivy,Richard Colman,L,12,14
1966-10-08,Columbia,Ivy,Aldo Donelli,H,Harvard,Ivy,John Yovicsin,L,7,34
1966-10-15,Columbia,Ivy,Aldo Donelli,A,Yale,Ivy,Carmen Cozza,L,21,44
1966-10-22,Columbia,Ivy,Aldo Donelli,A,Rutgers,Ind,John Bateman,L,34,37
1966-10-29,Columbia,Ivy,Aldo Donelli,H,Cornell,Ivy,Jack Musick,L,6,31
1966-11-05,Columbia,Ivy,Aldo Donelli,A,Dartmouth,Ivy,Bob Blackman,L,14,56
1966-11-12,Columbia,Ivy,Aldo Donelli,H,Pennsylvania,Ivy,Robert Odell,W,22,14
1966-11-19,Columbia,Ivy,Aldo Donelli,H,Brown,Ivy,John McLaughry,W,40,38
1966-09-17,Texas,SWC,Darrell Royal,H,USC,AAWU,John McKay,L,6,10
1966-09-24,Texas,SWC,Darrell Royal,A,Texas Tech,SWC,J.T. King,W,31,21
1966-10-01,Texas,SWC,Darrell Royal,H,Indiana,Big Ten,John Pont,W,35,0
1966-10-08,Texas,SWC,Darrell Royal,N,Oklahoma,Big 8,Jim MacKenzie,L,9,18
1966-10-15,Texas,SWC,Darrell Royal,H,Arkansas,SWC,Frank Broyles,L,7,12
1966-10-22,Texas,SWC,Darrell Royal,A,Rice,SWC,Jess Neely,W,14,6
1966-10-29,Texas,SWC,Darrell Royal,H,SMU,SWC,Hayden Fry,L,12,13
1966-11-05,Texas,SWC,Darrell Royal,A,Baylor,SWC,John Bridgers,W,26,14
1966-11-12,Texas,SWC,Darrell Royal,A,Texas Christian,SWC,Abe Martin,W,13,3
1966-11-24,Texas,SWC,Darrell Royal,H,Texas A&M,SWC,Gene Stallings,W,22,14
1966-12-17,Texas,SWC,Darrell Royal,N,Ole Miss,SEC,John Vaught,W,19,0
1966-09-17,Texas Christian,SWC,Abe Martin,A,Nebraska,Big 8,Bob Devaney,L,10,14
1966-09-24,Texas Christian,SWC,Abe Martin,A,Ohio State,Big Ten,Woody Hayes,L,7,14
1966-10-01,Texas Christian,SWC,Abe Martin,H,Arkansas,SWC,Frank Broyles,L,0,21
1966-10-08,Texas Christian,SWC,Abe Martin,H,Texas Tech,SWC,J.T. King,W,6,3
1966-10-15,Texas Christian,SWC,Abe Martin,A,Texas A&M,SWC,Gene Stallings,L,7,35
1966-10-22,Texas Christian,SWC,Abe Martin,A,Auburn,SEC,Ralph Jordan,L,6,7
1966-10-29,Texas Christian,SWC,Abe Martin,H,Baylor,SWC,John Bridgers,W,6,0
1966-11-12,Texas Christian,SWC,Abe Martin,H,Texas,SWC,Darrell Royal,L,3,13
1966-11-19,Texas Christian,SWC,Abe Martin,A,Rice,SWC,Jess Neely,L,10,21
1966-11-26,Texas Christian,SWC,Abe Martin,H,SMU,SWC,Hayden Fry,L,0,21
1966-09-17,Tampa,Ind,,A,Tulsa,MVC,Glenn Dobbs,L,11,57
1966-09-24,Tampa,Ind,,H,Bowling Green State,MAC,Bob Gibson,W,20,13
1966-10-08,Tampa,Ind,,A,North Texas,MVC,Odus Mitchell,L,6,41
1966-10-15,Tampa,Ind,,H,Furman,Southern,Robert King,W,41,2
1966-10-29,Tampa,Ind,,A,Houston,Ind,Bill Yeoman,L,9,48
1966-11-12,Tampa,Ind,,H,Buffalo,Ind,Doc Urich,W,27,8
1966-09-17,Air Force,Ind,Ben Martin,H,Wyoming,WAC,Lloyd Eaton,L,0,13
1966-09-24,Air Force,Ind,Ben Martin,A,Washington,AAWU,Jim Owens,W,10,0
1966-10-01,Air Force,Ind,Ben Martin,H,Navy,Ind,William Elias,W,15,7
1966-10-15,Air Force,Ind,Ben Martin,H,Oregon,AAWU,Len Casanova,L,6,17
1966-10-22,Air Force,Ind,Ben Martin,H,Colorado State,Ind,Milo Lude,L,21,41
1966-10-29,Air Force,Ind,Ben Martin,A,UCLA,AAWU,Tommy Prothro,L,13,38
1966-11-05,Air Force,Ind,Ben Martin,A,Stanford,AAWU,John Ralston,L,6,21
1966-11-12,Air Force,Ind,Ben Martin,A,North Carolina,ACC,James Hickey,W,20,14
1966-11-19,Air Force,Ind,Ben Martin,A,Colorado,Big 8,Eddie Crowder,L,9,10
1966-09-17,Miami (FL),Ind,Charlie Tate,A,Colorado,Big 8,Eddie Crowder,W,24,3
1966-09-24,Miami (FL),Ind,Charlie Tate,H,Florida State,Ind,Bill Peterson,L,20,23
1966-10-01,Miami (FL),Ind,Charlie Tate,A,LSU,SEC,Charles McClendon,L,8,10
1966-10-14,Miami (FL),Ind,Charlie Tate,H,Georgia,SEC,Vince Dooley,W,7,6
1966-10-21,Miami (FL),Ind,Charlie Tate,H,Indiana,Big Ten,John Pont,W,14,7
1966-10-28,Miami (FL),Ind,Charlie Tate,H,USC,AAWU,John McKay,W,10,7
1966-11-05,Miami (FL),Ind,Charlie Tate,A,Tulane,Ind,Jim Pittman,T,10,10
1966-11-11,Miami (FL),Ind,Charlie Tate,H,Pitt,Ind,Dave Hart,W,38,14
1966-11-18,Miami (FL),Ind,Charlie Tate,H,Iowa,Big Ten,Ray Nagel,W,44,0
1966-11-26,Miami (FL),Ind,Charlie Tate,A,Florida,SEC,Ray Graves,W,21,16
1966-12-10,Miami (FL),Ind,Charlie Tate,N,Virginia Tech,Ind,Jerry Claiborne,W,14,7
1966-09-17,Richmond,Southern,Frank Jones,A,Dayton,Ind,John McVay,L,0,23
1966-09-24,Richmond,Southern,Frank Jones,A,Citadel,Southern,Red Parker,L,6,24
1966-10-01,Richmond,Southern,Frank Jones,A,Mississippi State,SEC,Paul Davis,L,0,20
1966-10-07,Richmond,Southern,Frank Jones,H,Virginia Military Institute,Southern,Vito Ragazzo,L,20,34
1966-10-15,Richmond,Southern,Frank Jones,A,West Texas A&M,Ind,Joe Kerbel,L,7,41
1966-10-22,Richmond,Southern,Frank Jones,H,Davidson,Southern,Homer Smith,W,23,17
1966-10-29,Richmond,Southern,Frank Jones,A,Southern Mississippi,Ind,Pie Vann,L,0,27
1966-11-05,Richmond,Southern,Frank Jones,H,Furman,Southern,Robert King,W,24,14
1966-11-12,Richmond,Southern,Frank Jones,A,East Carolina,Southern,Clarence Stasavich,L,16,28
1966-11-19,Richmond,Southern,Frank Jones,H,William & Mary,Southern,Marv Levy,L,19,35
1966-09-17,Oregon,AAWU,Len Casanova,A,Oklahoma,Big 8,Jim MacKenzie,L,0,17
1966-09-24,Oregon,AAWU,Len Casanova,H,Utah,WAC,Mike Giddings,L,14,17
1966-10-01,Oregon,AAWU,Len Casanova,H,San Jose State,Ind,Harry Anderson,L,7,21
1966-10-08,Oregon,AAWU,Len Casanova,H,Stanford,AAWU,John Ralston,W,7,3
1966-10-15,Oregon,AAWU,Len Casanova,A,Air Force,Ind,Ben Martin,W,17,6
1966-10-22,Oregon,AAWU,Len Casanova,A,Washington,AAWU,Jim Owens,L,7,10
1966-10-29,Oregon,AAWU,Len Casanova,A,Idaho,Ind,Steve Musseau,W,28,7
1966-11-05,Oregon,AAWU,Len Casanova,H,Washington State,AAWU,Bert Clark,L,13,14
1966-11-12,Oregon,AAWU,Len Casanova,A,Arizona State,WAC,Frank Kush,L,10,14
1966-11-19,Oregon,AAWU,Len Casanova,A,Oregon State,AAWU,Dee Andros,L,15,20
1966-10-01,Brown,Ivy,John McLaughry,H,Pennsylvania,Ivy,Robert Odell,L,0,20
1966-10-08,Brown,Ivy,John McLaughry,A,Yale,Ivy,Carmen Cozza,L,0,24
1966-10-15,Brown,Ivy,John McLaughry,A,Dartmouth,Ivy,Bob Blackman,L,14,49
1966-10-22,Brown,Ivy,John McLaughry,H,Colgate,Ind,Hal Lahar,L,7,48
1966-10-29,Brown,Ivy,John McLaughry,H,Princeton,Ivy,Richard Colman,L,7,24
1966-11-05,Brown,Ivy,John McLaughry,H,Cornell,Ivy,Jack Musick,L,14,23
1966-11-12,Brown,Ivy,John McLaughry,A,Harvard,Ivy,John Yovicsin,L,7,24
1966-11-19,Brown,Ivy,John McLaughry,A,Columbia,Ivy,Aldo Donelli,L,38,40
1966-09-24,Tennessee,SEC,Doug Dickey,A,Auburn,SEC,Ralph Jordan,W,28,0
1966-10-01,Tennessee,SEC,Doug Dickey,H,Rice,SWC,Jess Neely,W,23,3
1966-10-08,Tennessee,SEC,Doug Dickey,A,Georgia Tech,Ind,Bobby Dodd,L,3,6
1966-10-15,Tennessee,SEC,Doug Dickey,H,Alabama,SEC,Bear Bryant,L,10,11
1966-10-22,Tennessee,SEC,Doug Dickey,H,South Carolina,ACC,Paul Dietzel,W,29,17
1966-10-29,Tennessee,SEC,Doug Dickey,H,Army,Ind,Thomas Cahill,W,38,7
1966-11-12,Tennessee,SEC,Doug Dickey,H,Ole Miss,SEC,John Vaught,L,7,14
1966-11-19,Tennessee,SEC,Doug Dickey,H,Kentucky,SEC,Charley Bradshaw,W,28,19
1966-11-26,Tennessee,SEC,Doug Dickey,A,Vanderbilt,SEC,Jack Green,W,28,0
1966-12-31,Tennessee,SEC,Doug Dickey,N,Syracuse,Ind,Ben Schwartzwalder,W,18,12
1966-09-17,Oregon State,AAWU,Dee Andros,A,Michigan,Big Ten,Bump Elliott,L,0,41
1966-09-24,Oregon State,AAWU,Dee Andros,A,Iowa,Big Ten,Ray Nagel,W,17,3
1966-10-01,Oregon State,AAWU,Dee Andros,H,USC,AAWU,John McKay,L,0,21
1966-10-08,Oregon State,AAWU,Dee Andros,H,Northwestern,Big Ten,Alex Agase,L,6,14
1966-10-15,Oregon State,AAWU,Dee Andros,H,Idaho,Ind,Steve Musseau,W,14,7
1966-10-22,Oregon State,AAWU,Dee Andros,A,Arizona State,WAC,Frank Kush,W,18,17
1966-10-29,Oregon State,AAWU,Dee Andros,A,Washington State,AAWU,Bert Clark,W,41,13
1966-11-05,Oregon State,AAWU,Dee Andros,H,Arizona,WAC,Jim LaRue,W,31,12
1966-11-12,Oregon State,AAWU,Dee Andros,H,Washington,AAWU,Jim Owens,W,24,13
1966-11-19,Oregon State,AAWU,Dee Andros,H,Oregon,AAWU,Len Casanova,W,20,15
1966-10-01,Alabama,SEC,Bear Bryant,A,Ole Miss,SEC,John Vaught,W,17,7
1966-10-08,Alabama,SEC,Bear Bryant,H,Clemson,ACC,Frank Howard,W,26,0
1966-10-15,Alabama,SEC,Bear Bryant,A,Tennessee,SEC,Doug Dickey,W,11,10
1966-10-22,Alabama,SEC,Bear Bryant,H,Vanderbilt,SEC,Jack Green,W,42,6
1966-10-29,Alabama,SEC,Bear Bryant,H,Mississippi State,SEC,Paul Davis,W,27,14
1966-11-05,Alabama,SEC,Bear Bryant,H,LSU,SEC,Charles McClendon,W,21,0
1966-11-12,Alabama,SEC,Bear Bryant,H,South Carolina,ACC,Paul Dietzel,W,24,0
1966-11-26,Alabama,SEC,Bear Bryant,N,Southern Mississippi,Ind,Pie Vann,W,34,0
1966-12-03,Alabama,SEC,Bear Bryant,N,Auburn,SEC,Ralph Jordan,W,31,0
1967-01-02,Alabama,SEC,Bear Bryant,N,Nebraska,Big 8,Bob Devaney,W,34,7
1966-09-17,Dayton,Ind,John McVay,H,Richmond,Southern,Frank Jones,W,23,0
1966-09-24,Dayton,Ind,John McVay,A,Cincinnati,MVC,Charles Studley,W,23,7
1966-10-01,Dayton,Ind,John McVay,A,Bowling Green State,MAC,Bob Gibson,L,0,13
1966-10-08,Dayton,Ind,John McVay,H,Louisville,MVC,Frank Camp,W,20,17
1966-10-15,Dayton,Ind,John McVay,H,Buffalo,Ind,Doc Urich,W,13,3
1966-10-29,Dayton,Ind,John McVay,A,Ohio,MAC,Bill Hess,W,20,12
1966-11-05,Dayton,Ind,John McVay,H,Xavier,Ind,Edward Biles,W,9,2
1966-11-12,Dayton,Ind,John McVay,A,Miami (OH),MAC,Bo Schembechler,L,6,38
1966-11-19,Dayton,Ind,John McVay,H,Toledo,MAC,Frank Lauterbur,W,20,16
1966-09-17,Purdue,Big Ten,Jack Mollenkopf,H,Ohio,MAC,Bill Hess,W,42,3
1966-09-24,Purdue,Big Ten,Jack Mollenkopf,A,Notre Dame,Ind,Ara Parseghian,L,14,26
1966-10-01,Purdue,Big Ten,Jack Mollenkopf,H,SMU,SWC,Hayden Fry,W,35,23
1966-10-08,Purdue,Big Ten,Jack Mollenkopf,H,Iowa,Big Ten,Ray Nagel,W,35,0
1966-10-15,Purdue,Big Ten,Jack Mollenkopf,A,Michigan,Big Ten,Bump Elliott,W,22,21
1966-10-22,Purdue,Big Ten,Jack Mollenkopf,A,Michigan State,Big Ten,Duffy Daugherty,L,20,41
1966-10-29,Purdue,Big Ten,Jack Mollenkopf,H,Illinois,Big Ten,Pete Elliott,W,25,21
1966-11-05,Purdue,Big Ten,Jack Mollenkopf,A,Wisconsin,Big Ten,Milt Bruhn,W,23,0
1966-11-12,Purdue,Big Ten,Jack Mollenkopf,A,Minnesota,Big Ten,Murray Warmath,W,16,0
1966-11-19,Purdue,Big Ten,Jack Mollenkopf,H,Indiana,Big Ten,John Pont,W,51,6
1967-01-02,Purdue,Big Ten,Jack Mollenkopf,A,USC,AAWU,John McKay,W,14,13
1966-09-17,Nebraska,Big 8,Bob Devaney,H,Texas Christian,SWC,Abe Martin,W,14,10
1966-09-24,Nebraska,Big 8,Bob Devaney,H,Utah State,Ind,Tony Knap,W,28,7
1966-10-01,Nebraska,Big 8,Bob Devaney,A,Iowa State,Big 8,Clay Stapleton,W,12,6
1966-10-08,Nebraska,Big 8,Bob Devaney,A,Wisconsin,Big Ten,Milt Bruhn,W,31,3
1966-10-15,Nebraska,Big 8,Bob Devaney,H,Kansas State,Big 8,Doug Weaver,W,21,10
1966-10-22,Nebraska,Big 8,Bob Devaney,A,Colorado,Big 8,Eddie Crowder,W,21,19
1966-10-29,Nebraska,Big 8,Bob Devaney,H,Missouri,Big 8,Dan Devine,W,35,0
1966-11-05,Nebraska,Big 8,Bob Devaney,A,Kansas,Big 8,Jack Mitchell,W,24,13
1966-11-12,Nebraska,Big 8,Bob Devaney,H,Oklahoma State,Big 8,Phil Cutchin,W,21,6
1966-11-24,Nebraska,Big 8,Bob Devaney,A,Oklahoma,Big 8,Jim MacKenzie,L,9,10
1967-01-02,Nebraska,Big 8,Bob Devaney,N,Alabama,SEC,Bear Bryant,L,7,34
1966-09-17,West Virginia,Southern,Jim Carlen,A,Duke,ACC,Tom Harp,L,15,34
1966-09-24,West Virginia,Southern,Jim Carlen,H,William & Mary,Southern,Marv Levy,W,24,13
1966-10-01,West Virginia,Southern,Jim Carlen,A,Virginia Tech,Ind,Jerry Claiborne,T,13,13
1966-10-08,West Virginia,Southern,Jim Carlen,A,Pitt,Ind,Dave Hart,L,14,17
1966-10-15,West Virginia,Southern,Jim Carlen,A,Maryland,ACC,Lou Saban,L,9,28
1966-10-22,West Virginia,Southern,Jim Carlen,H,Penn State,Ind,Joe Paterno,L,6,38
1966-10-29,West Virginia,Southern,Jim Carlen,H,Kentucky,SEC,Charley Bradshaw,T,14,14
1966-11-05,West Virginia,Southern,Jim Carlen,H,Citadel,Southern,Red Parker,W,35,0
1966-11-12,West Virginia,Southern,Jim Carlen,A,George Washington,Southern,Jim Camp,W,21,6
1966-11-19,West Virginia,Southern,Jim Carlen,H,Syracuse,Ind,Ben Schwartzwalder,L,7,34
1966-10-08,Harvard,Ivy,John Yovicsin,A,Columbia,Ivy,Aldo Donelli,W,34,7
1966-10-15,Harvard,Ivy,John Yovicsin,H,Cornell,Ivy,Jack Musick,W,21,0
1966-10-22,Harvard,Ivy,John Yovicsin,H,Dartmouth,Ivy,Bob Blackman,W,19,14
1966-10-29,Harvard,Ivy,John Yovicsin,H,Pennsylvania,Ivy,Robert Odell,W,27,7
1966-11-05,Harvard,Ivy,John Yovicsin,A,Princeton,Ivy,Richard Colman,L,14,18
1966-11-12,Harvard,Ivy,John Yovicsin,H,Brown,Ivy,John McLaughry,W,24,7
1966-11-19,Harvard,Ivy,John Yovicsin,H,Yale,Ivy,Carmen Cozza,W,17,0
1966-09-17,Oklahoma State,Big 8,Phil Cutchin,A,Arkansas,SWC,Frank Broyles,L,10,14
1966-10-01,Oklahoma State,Big 8,Phil Cutchin,A,Houston,Ind,Bill Yeoman,L,9,35
1966-10-08,Oklahoma State,Big 8,Phil Cutchin,H,Colorado,Big 8,Eddie Crowder,W,11,10
1966-10-15,Oklahoma State,Big 8,Phil Cutchin,A,Missouri,Big 8,Dan Devine,L,0,7
1966-10-22,Oklahoma State,Big 8,Phil Cutchin,H,Kansas,Big 8,Jack Mitchell,W,10,7
1966-10-29,Oklahoma State,Big 8,Phil Cutchin,H,Iowa State,Big 8,Clay Stapleton,T,14,14
1966-11-05,Oklahoma State,Big 8,Phil Cutchin,A,Texas Tech,SWC,J.T. King,L,7,10
1966-11-12,Oklahoma State,Big 8,Phil Cutchin,A,Nebraska,Big 8,Bob Devaney,L,6,21
1966-11-19,Oklahoma State,Big 8,Phil Cutchin,A,Kansas State,Big 8,Doug Weaver,W,21,6
1966-12-03,Oklahoma State,Big 8,Phil Cutchin,H,Oklahoma,Big 8,Jim MacKenzie,W,15,14
1966-09-17,Colorado,Big 8,Eddie Crowder,H,Miami (FL),Ind,Charlie Tate,L,3,24
1966-09-24,Colorado,Big 8,Eddie Crowder,A,Baylor,SWC,John Bridgers,W,13,7
1966-10-01,Colorado,Big 8,Eddie Crowder,H,Kansas State,Big 8,Doug Weaver,W,10,0
1966-10-08,Colorado,Big 8,Eddie Crowder,A,Oklahoma State,Big 8,Phil Cutchin,L,10,11
1966-10-15,Colorado,Big 8,Eddie Crowder,A,Iowa State,Big 8,Clay Stapleton,W,41,21
1966-10-22,Colorado,Big 8,Eddie Crowder,H,Nebraska,Big 8,Bob Devaney,L,19,21
1966-10-29,Colorado,Big 8,Eddie Crowder,H,Oklahoma,Big 8,Jim MacKenzie,W,24,21
1966-11-05,Colorado,Big 8,Eddie Crowder,A,Missouri,Big 8,Dan Devine,W,26,0
1966-11-12,Colorado,Big 8,Eddie Crowder,A,Kansas,Big 8,Jack Mitchell,W,35,18
1966-11-19,Colorado,Big 8,Eddie Crowder,H,Air Force,Ind,Ben Martin,W,10,9
1966-09-30,Colorado State,Ind,Milo Lude,A,Brigham Young,WAC,Tommy Hudspeth,L,24,27
1966-10-08,Colorado State,Ind,Milo Lude,H,Tulsa,MVC,Glenn Dobbs,L,6,20
1966-10-15,Colorado State,Ind,Milo Lude,A,Utah State,Ind,Tony Knap,W,10,7
1966-10-22,Colorado State,Ind,Milo Lude,A,Air Force,Ind,Ben Martin,W,41,21
1966-10-29,Colorado State,Ind,Milo Lude,H,Wyoming,WAC,Lloyd Eaton,W,12,10
1966-11-05,Colorado State,Ind,Milo Lude,A,New Mexico,WAC,Bill Weeks,W,45,6
1966-11-12,Colorado State,Ind,Milo Lude,H,West Texas A&M,Ind,Joe Kerbel,W,35,26
1966-11-19,Colorado State,Ind,Milo Lude,A,Wichita State,MVC,George Karras,L,23,37
1966-11-26,Colorado State,Ind,Milo Lude,H,Iowa State,Big 8,Clay Stapleton,W,34,10
1966-09-24,Rice,SWC,Jess Neely,H,LSU,SEC,Charles McClendon,W,17,15
1966-10-01,Rice,SWC,Jess Neely,A,Tennessee,SEC,Doug Dickey,L,3,23
1966-10-08,Rice,SWC,Jess Neely,H,UCLA,AAWU,Tommy Prothro,L,24,27
1966-10-15,Rice,SWC,Jess Neely,A,SMU,SWC,Hayden Fry,L,24,28
1966-10-22,Rice,SWC,Jess Neely,H,Texas,SWC,Darrell Royal,L,6,14
1966-10-29,Rice,SWC,Jess Neely,H,Texas Tech,SWC,J.T. King,L,19,35
1966-11-05,Rice,SWC,Jess Neely,A,Arkansas,SWC,Frank Broyles,L,20,31
1966-11-12,Rice,SWC,Jess Neely,H,Texas A&M,SWC,Gene Stallings,L,6,7
1966-11-19,Rice,SWC,Jess Neely,H,Texas Christian,SWC,Abe Martin,W,21,10
1966-11-26,Rice,SWC,Jess Neely,A,Baylor,SWC,John Bridgers,L,14,21
1966-09-17,Texas A&M,SWC,Gene Stallings,A,Georgia Tech,Ind,Bobby Dodd,L,3,38
1966-09-24,Texas A&M,SWC,Gene Stallings,A,Tulane,Ind,Jim Pittman,L,13,21
1966-10-01,Texas A&M,SWC,Gene Stallings,H,Texas Tech,SWC,J.T. King,W,35,14
1966-10-08,Texas A&M,SWC,Gene Stallings,A,LSU,SEC,Charles McClendon,T,7,7
1966-10-15,Texas A&M,SWC,Gene Stallings,H,Texas Christian,SWC,Abe Martin,W,35,7
1966-10-22,Texas A&M,SWC,Gene Stallings,A,Baylor,SWC,John Bridgers,W,17,13
1966-10-29,Texas A&M,SWC,Gene Stallings,H,Arkansas,SWC,Frank Broyles,L,0,34
1966-11-05,Texas A&M,SWC,Gene Stallings,A,SMU,SWC,Hayden Fry,L,14,21
1966-11-12,Texas A&M,SWC,Gene Stallings,A,Rice,SWC,Jess Neely,W,7,6
1966-11-24,Texas A&M,SWC,Gene Stallings,A,Texas,SWC,Darrell Royal,L,14,22
1966-09-17,Davidson,Southern,Homer Smith,H,George Washington,Southern,Jim Camp,W,13,9
1966-09-24,Davidson,Southern,Homer Smith,N,Furman,Southern,Robert King,L,26,28
1966-10-08,Davidson,Southern,Homer Smith,A,East Carolina,Southern,Clarence Stasavich,L,7,50
1966-10-22,Davidson,Southern,Homer Smith,A,Richmond,Southern,Frank Jones,L,17,23
1966-10-29,Davidson,Southern,Homer Smith,H,Citadel,Southern,Red Parker,W,21,17
1966-09-17,Michigan State,Big Ten,Duffy Daugherty,H,North Carolina State,ACC,Earle Edwards,W,28,10
1966-09-24,Michigan State,Big Ten,Duffy Daugherty,H,Penn State,Ind,Joe Paterno,W,42,8
1966-10-01,Michigan State,Big Ten,Duffy Daugherty,A,Illinois,Big Ten,Pete Elliott,W,26,10
1966-10-08,Michigan State,Big Ten,Duffy Daugherty,H,Michigan,Big Ten,Bump Elliott,W,20,7
1966-10-15,Michigan State,Big Ten,Duffy Daugherty,A,Ohio State,Big Ten,Woody Hayes,W,11,8
1966-10-22,Michigan State,Big Ten,Duffy Daugherty,H,Purdue,Big Ten,Jack Mollenkopf,W,41,20
1966-10-29,Michigan State,Big Ten,Duffy Daugherty,A,Northwestern,Big Ten,Alex Agase,W,22,0
1966-11-05,Michigan State,Big Ten,Duffy Daugherty,H,Iowa,Big Ten,Ray Nagel,W,56,7
1966-11-12,Michigan State,Big Ten,Duffy Daugherty,A,Indiana,Big Ten,John Pont,W,37,19
1966-11-19,Michigan State,Big Ten,Duffy Daugherty,H,Notre Dame,Ind,Ara Parseghian,T,10,10
1966-09-17,Boston College,Ind,Jim Miller,A,Navy,Ind,William Elias,L,7,27
1966-09-24,Boston College,Ind,Jim Miller,H,Ohio,MAC,Bill Hess,L,14,23
1966-10-01,Boston College,Ind,Jim Miller,H,Virginia Military Institute,Southern,Vito Ragazzo,W,14,0
1966-10-08,Boston College,Ind,Jim Miller,A,Penn State,Ind,Joe Paterno,L,21,30
1966-10-15,Boston College,Ind,Jim Miller,H,Syracuse,Ind,Ben Schwartzwalder,L,0,30
1966-10-22,Boston College,Ind,Jim Miller,H,Buffalo,Ind,Doc Urich,W,22,21
1966-11-05,Boston College,Ind,Jim Miller,H,William & Mary,Southern,Marv Levy,W,15,13
1966-11-12,Boston College,Ind,Jim Miller,A,Villanova,Ind,Alex Bell,L,0,19
1966-11-26,Boston College,Ind,Jim Miller,H,Holy Cross,Ind,Melvin Massucco,L,26,32
1966-09-24,Colgate,Ind,Hal Lahar,A,Columbia,Ivy,Aldo Donelli,W,38,0
1966-10-01,Colgate,Ind,Hal Lahar,A,Cornell,Ivy,Jack Musick,L,14,15
1966-10-08,Colgate,Ind,Hal Lahar,H,Holy Cross,Ind,Melvin Massucco,T,14,14
1966-10-15,Colgate,Ind,Hal Lahar,A,Princeton,Ivy,Richard Colman,W,7,0
1966-10-22,Colgate,Ind,Hal Lahar,A,Brown,Ivy,John McLaughry,W,48,7
1966-11-19,Colgate,Ind,Hal Lahar,A,Rutgers,Ind,John Bateman,W,26,7
1966-09-17,New Mexico State,Ind,Warren Woodson,A,North Texas,MVC,Odus Mitchell,L,21,25
1966-10-01,New Mexico State,Ind,Warren Woodson,A,Utah State,Ind,Tony Knap,W,23,7
1966-10-08,New Mexico State,Ind,Warren Woodson,H,Pacific,Ind,Doug Scovil,W,49,23
1966-10-15,New Mexico State,Ind,Warren Woodson,H,Wichita State,MVC,George Karras,W,45,17
1966-10-22,New Mexico State,Ind,Warren Woodson,A,West Texas A&M,Ind,Joe Kerbel,L,14,17
1966-11-12,New Mexico State,Ind,Warren Woodson,A,New Mexico,WAC,Bill Weeks,W,47,12
1966-11-19,New Mexico State,Ind,Warren Woodson,A,UTEP,Ind,Robert Dobbs,L,14,28
1966-09-17,Minnesota,Big Ten,Murray Warmath,A,Missouri,Big 8,Dan Devine,L,0,24
1966-09-24,Minnesota,Big Ten,Murray Warmath,H,Stanford,AAWU,John Ralston,W,35,21
1966-10-01,Minnesota,Big Ten,Murray Warmath,H,Kansas,Big 8,Jack Mitchell,L,14,16
1966-10-08,Minnesota,Big Ten,Murray Warmath,A,Indiana,Big Ten,John Pont,T,7,7
1966-10-15,Minnesota,Big Ten,Murray Warmath,H,Iowa,Big Ten,Ray Nagel,W,17,0
1966-10-22,Minnesota,Big Ten,Murray Warmath,A,Michigan,Big Ten,Bump Elliott,L,0,49
1966-10-29,Minnesota,Big Ten,Murray Warmath,H,Ohio State,Big Ten,Woody Hayes,W,17,7
1966-11-05,Minnesota,Big Ten,Murray Warmath,A,Northwestern,Big Ten,Alex Agase,W,28,13
1966-11-12,Minnesota,Big Ten,Murray Warmath,H,Purdue,Big Ten,Jack Mollenkopf,L,0,16
1966-11-19,Minnesota,Big Ten,Murray Warmath,A,Wisconsin,Big Ten,Milt Bruhn,L,6,7
1966-09-17,Ole Miss,SEC,John Vaught,A,Memphis,Ind,Billy Murphy,W,13,0
1966-09-24,Ole Miss,SEC,John Vaught,H,Kentucky,SEC,Charley Bradshaw,W,17,0
1966-10-01,Ole Miss,SEC,John Vaught,H,Alabama,SEC,Bear Bryant,L,7,17
1966-10-08,Ole Miss,SEC,John Vaught,A,Georgia,SEC,Vince Dooley,L,3,9
1966-10-15,Ole Miss,SEC,John Vaught,H,Southern Mississippi,Ind,Pie Vann,W,14,7
1966-10-22,Ole Miss,SEC,John Vaught,H,Houston,Ind,Bill Yeoman,W,27,6
1966-10-29,Ole Miss,SEC,John Vaught,A,LSU,SEC,Charles McClendon,W,17,0
1966-11-12,Ole Miss,SEC,John Vaught,A,Tennessee,SEC,Doug Dickey,W,14,7
1966-11-19,Ole Miss,SEC,John Vaught,H,Vanderbilt,SEC,Jack Green,W,34,0
1966-11-26,Ole Miss,SEC,John Vaught,H,Mississippi State,SEC,Paul Davis,W,24,0
1966-12-17,Ole Miss,SEC,John Vaught,N,Texas,SWC,Darrell Royal,L,0,19
1966-09-17,Duke,ACC,Tom Harp,H,West Virginia,Southern,Jim Carlen,W,34,15
1966-09-24,Duke,ACC,Tom Harp,A,Pitt,Ind,Dave Hart,W,14,7
1966-10-01,Duke,ACC,Tom Harp,H,Virginia,ACC,George Blackburn,W,27,8
1966-10-08,Duke,ACC,Tom Harp,A,Maryland,ACC,Lou Saban,L,19,21
1966-10-15,Duke,ACC,Tom Harp,A,Clemson,ACC,Frank Howard,L,6,9
1966-10-22,Duke,ACC,Tom Harp,H,North Carolina State,ACC,Earle Edwards,L,7,33
1966-10-29,Duke,ACC,Tom Harp,H,Georgia Tech,Ind,Bobby Dodd,L,7,48
1966-11-05,Duke,ACC,Tom Harp,A,Navy,Ind,William Elias,W,9,7
1966-11-12,Duke,ACC,Tom Harp,A,Notre Dame,Ind,Ara Parseghian,L,0,64
1966-11-19,Duke,ACC,Tom Harp,A,North Carolina,ACC,James Hickey,W,41,25
1966-09-17,Kent State,MAC,Leo Strang,H,Buffalo,Ind,Doc Urich,L,23,27
1966-10-01,Kent State,MAC,Leo Strang,H,Ohio,MAC,Bill Hess,L,10,12
1966-10-08,Kent State,MAC,Leo Strang,A,Miami (OH),MAC,Bo Schembechler,L,0,7
1966-10-15,Kent State,MAC,Leo Strang,H,Western Michigan,MAC,Bill Doolittle,L,20,23
1966-10-22,Kent State,MAC,Leo Strang,A,Bowling Green State,MAC,Bob Gibson,W,35,12
1966-10-29,Kent State,MAC,Leo Strang,H,Toledo,MAC,Frank Lauterbur,W,28,20
1966-11-05,Kent State,MAC,Leo Strang,A,Louisville,MVC,Frank Camp,L,20,23
1966-11-12,Kent State,MAC,Leo Strang,A,Marshall,MAC,Charlie Snyder,L,7,16
1966-11-19,Kent State,MAC,Leo Strang,H,Xavier,Ind,Edward Biles,W,42,14
1966-09-17,Navy,Ind,William Elias,H,Boston College,Ind,Jim Miller,W,27,7
1966-09-24,Navy,Ind,William Elias,A,SMU,SWC,Hayden Fry,L,3,21
1966-10-01,Navy,Ind,William Elias,A,Air Force,Ind,Ben Martin,L,7,15
1966-10-08,Navy,Ind,William Elias,A,Syracuse,Ind,Ben Schwartzwalder,L,14,28
1966-10-15,Navy,Ind,William Elias,A,Pitt,Ind,Dave Hart,W,24,7
1966-10-22,Navy,Ind,William Elias,H,William & Mary,Southern,Marv Levy,W,21,0
1966-10-29,Navy,Ind,William Elias,N,Notre Dame,Ind,Ara Parseghian,L,7,31
1966-11-05,Navy,Ind,William Elias,H,Duke,ACC,Tom Harp,L,7,9
1966-11-12,Navy,Ind,William Elias,A,Vanderbilt,SEC,Jack Green,W,30,14
1966-11-26,Navy,Ind,William Elias,N,Army,Ind,Thomas Cahill,L,7,20
1966-09-17,Texas Tech,SWC,J.T. King,A,Kansas,Big 8,Jack Mitchell,W,23,7
1966-09-24,Texas Tech,SWC,J.T. King,H,Texas,SWC,Darrell Royal,L,21,31
1966-10-01,Texas Tech,SWC,J.T. King,A,Texas A&M,SWC,Gene Stallings,L,14,35
1966-10-08,Texas Tech,SWC,J.T. King,A,Texas Christian,SWC,Abe Martin,L,3,6
1966-10-15,Texas Tech,SWC,J.T. King,H,Florida State,Ind,Bill Peterson,L,33,42
1966-10-22,Texas Tech,SWC,J.T. King,H,SMU,SWC,Hayden Fry,L,7,24
1966-10-29,Texas Tech,SWC,J.T. King,A,Rice,SWC,Jess Neely,W,35,19
1966-11-05,Texas Tech,SWC,J.T. King,H,Oklahoma State,Big 8,Phil Cutchin,W,10,7
1966-11-12,Texas Tech,SWC,J.T. King,H,Baylor,SWC,John Bridgers,L,14,29
1966-11-19,Texas Tech,SWC,J.T. King,H,Arkansas,SWC,Frank Broyles,W,21,16
1966-09-17,Tulane,Ind,Jim Pittman,H,Virginia Tech,Ind,Jerry Claiborne,W,13,0
1966-09-24,Tulane,Ind,Jim Pittman,H,Texas A&M,SWC,Gene Stallings,W,21,13
1966-10-01,Tulane,Ind,Jim Pittman,A,Stanford,AAWU,John Ralston,L,14,33
1966-10-08,Tulane,Ind,Jim Pittman,A,Virginia,ACC,George Blackburn,W,20,6
1966-10-15,Tulane,Ind,Jim Pittman,H,Cincinnati,MVC,Charles Studley,W,28,21
1966-10-22,Tulane,Ind,Jim Pittman,A,Georgia Tech,Ind,Bobby Dodd,L,17,35
1966-10-29,Tulane,Ind,Jim Pittman,A,Vanderbilt,SEC,Jack Green,W,13,12
1966-11-05,Tulane,Ind,Jim Pittman,H,Miami (FL),Ind,Charlie Tate,T,10,10
1966-11-12,Tulane,Ind,Jim Pittman,A,Florida,SEC,Ray Graves,L,10,31
1966-11-19,Tulane,Ind,Jim Pittman,H,LSU,SEC,Charles McClendon,L,7,21
1966-09-24,Cornell,Ivy,Jack Musick,A,Buffalo,Ind,Doc Urich,W,28,21
1966-10-01,Cornell,Ivy,Jack Musick,H,Colgate,Ind,Hal Lahar,W,15,14
1966-10-08,Cornell,Ivy,Jack Musick,H,Pennsylvania,Ivy,Robert Odell,W,45,28
1966-10-15,Cornell,Ivy,Jack Musick,A,Harvard,Ivy,John Yovicsin,L,0,21
1966-10-22,Cornell,Ivy,Jack Musick,H,Yale,Ivy,Carmen Cozza,W,16,14
1966-10-29,Cornell,Ivy,Jack Musick,A,Columbia,Ivy,Aldo Donelli,W,31,6
1966-11-05,Cornell,Ivy,Jack Musick,A,Brown,Ivy,John McLaughry,W,23,14
1966-11-12,Cornell,Ivy,Jack Musick,H,Dartmouth,Ivy,Bob Blackman,L,23,32
1966-11-19,Cornell,Ivy,Jack Musick,A,Princeton,Ivy,Richard Colman,L,0,7
1966-09-24,Ohio State,Big Ten,Woody Hayes,H,Texas Christian,SWC,Abe Martin,W,14,7
1966-10-01,Ohio State,Big Ten,Woody Hayes,H,Washington,AAWU,Jim Owens,L,22,38
1966-10-08,Ohio State,Big Ten,Woody Hayes,A,Illinois,Big Ten,Pete Elliott,L,9,10
1966-10-15,Ohio State,Big Ten,Woody Hayes,H,Michigan State,Big Ten,Duffy Daugherty,L,8,11
1966-10-22,Ohio State,Big Ten,Woody Hayes,H,Wisconsin,Big Ten,Milt Bruhn,W,24,13
1966-10-29,Ohio State,Big Ten,Woody Hayes,A,Minnesota,Big Ten,Murray Warmath,L,7,17
1966-11-05,Ohio State,Big Ten,Woody Hayes,H,Indiana,Big Ten,John Pont,W,7,0
1966-11-12,Ohio State,Big Ten,Woody Hayes,A,Iowa,Big Ten,Ray Nagel,W,14,10
1966-11-19,Ohio State,Big Ten,Woody Hayes,H,Michigan,Big Ten,Bump Elliott,L,3,17
1966-09-17,Ohio,MAC,Bill Hess,A,Purdue,Big Ten,Jack Mollenkopf,L,3,42
1966-09-24,Ohio,MAC,Bill Hess,A,Boston College,Ind,Jim Miller,W,23,14
1966-10-01,Ohio,MAC,Bill Hess,A,Kent State,MAC,Leo Strang,W,12,10
1966-10-08,Ohio,MAC,Bill Hess,H,Toledo,MAC,Frank Lauterbur,W,21,6
1966-10-15,Ohio,MAC,Bill Hess,H,Xavier,Ind,Edward Biles,W,24,10
1966-10-22,Ohio,MAC,Bill Hess,H,Miami (OH),MAC,Bo Schembechler,L,13,33
1966-10-29,Ohio,MAC,Bill Hess,H,Dayton,Ind,John McVay,L,12,20
1966-11-05,Ohio,MAC,Bill Hess,A,Western Michigan,MAC,Bill Doolittle,L,13,20
1966-11-12,Ohio,MAC,Bill Hess,A,Bowling Green State,MAC,Bob Gibson,L,0,28
1966-11-19,Ohio,MAC,Bill Hess,H,Marshall,MAC,Charlie Snyder,W,28,0
1966-09-17,Houston,Ind,Bill Yeoman,A,Florida State,Ind,Bill Peterson,W,21,13
1966-09-23,Houston,Ind,Bill Yeoman,H,Washington State,AAWU,Bert Clark,W,21,7
1966-10-01,Houston,Ind,Bill Yeoman,H,Oklahoma State,Big 8,Phil Cutchin,W,35,9
1966-10-15,Houston,Ind,Bill Yeoman,H,Mississippi State,SEC,Paul Davis,W,28,0
1966-10-22,Houston,Ind,Bill Yeoman,A,Ole Miss,SEC,John Vaught,L,6,27
1966-10-29,Houston,Ind,Bill Yeoman,H,Tampa,Ind,,W,48,9
1966-11-05,Houston,Ind,Bill Yeoman,H,Tulsa,MVC,Glenn Dobbs,W,73,14
1966-11-12,Houston,Ind,Bill Yeoman,A,Kentucky,SEC,Charley Bradshaw,W,56,18
1966-11-26,Houston,Ind,Bill Yeoman,H,Memphis,Ind,Billy Murphy,L,13,14
1966-12-03,Houston,Ind,Bill Yeoman,H,Utah,WAC,Mike Giddings,W,34,14
